Data;Godzina;Krajowe zapotrzebowanie na moc;Suma zdolnoœci wytwórczych jednostek wytwórczych w KSE;Suma zdolnoœci wytwórczych JGWa;Suma zdolnoœci wytwórczych JGFWa;Suma zdolnoœci wytwórczych JGMa;Suma zdolnoœci wytwórczych JGPVa;Sumaryczna generacja JG aktywnych: JGWa, JGFWa, JGMa i JGPVa;Sumaryczna generacja JGWa;Sumaryczna generacja JGFWa;Sumaryczna generacja JGMa;Sumaryczna generacja JGPVa;Sumaryczna generacja jednostek wytwórczych nieuczestnicz¹cych aktywnie w Rynku Bilansuj¹cym;Generacja Ÿróde³ wiatrowych;Generacja Ÿróde³ fotowoltaicznych;Sumaryczna moc ³adowania JGMa;Krajowe saldo wymiany miêdzysystemowej równoleg³ej;Krajowe saldo wymiany miêdzysystemowej nierównoleg³ej;Rezerwa mocy ponad zapotrzebowanie;Rezerwa mocy poni¿ej zapotrzebowania;Suma mocy z wykorzystanych Ofert Redukcji Obci¹¿enia JGOa
2023-12-01;1;19354;27047;20451;-;0;-;12751;12751;-;0;-;6596;1109;0;716,00;142;588;6978;-1217;0
2023-12-01;2;18819;27026;20286;-;0;-;12383;12383;-;0;-;6740;1241;0;789,00;22;487;7360;-833;0
2023-12-01;3;18708;27007;20283;-;0;-;12627;12627;-;0;-;6724;1227;0;850,00;-375;466;6981;-1143;0
2023-12-01;4;18885;26750;20063;-;0;-;12729;12729;-;0;-;6687;1203;0;850,00;-182;426;6727;-1317;0
2023-12-01;5;19165;26687;20063;-;0;-;12450;12450;-;0;-;6624;1139;0;813,00;564;376;7143;-901;0
2023-12-01;6;20325;26717;20063;-;0;-;12942;12942;-;0;-;6654;1167;0;612,00;713;642;6681;-1405;0
2023-12-01;7;23177;27465;20768;-;0;-;14916;14916;-;0;-;6697;1146;0;87,00;1157;475;5379;-3412;0
2023-12-01;8;24992;27562;20768;-;0;-;17350;17350;-;0;-;6794;1092;19;0,00;1130;-320;2927;-5930;0
2023-12-01;9;26136;28846;21147;-;385;-;18737;18677;-;61;-;7314;1101;423;0,00;20;125;2076;-6731;0
2023-12-01;10;26441;29295;21155;-;552;-;18607;18497;-;110;-;7588;979;801;0,00;-312;524;2168;-6641;0
2023-12-01;11;26592;29250;20994;-;662;-;18675;18569;-;105;-;7594;835;932;0,00;-248;522;1921;-6723;0
2023-12-01;12;26640;29340;20905;-;688;-;18490;18433;-;57;-;7747;910;1063;0,00;-97;522;2040;-6512;0
2023-12-01;13;26607;29537;20900;-;943;-;18534;18492;-;42;-;7694;933;971;0,00;-147;506;1934;-6606;0
2023-12-01;14;26323;29070;20900;-;684;-;18411;18411;-;0;-;7486;940;747;0,00;447;-20;2035;-6490;0
2023-12-01;15;26131;28719;20708;-;735;-;18153;18126;-;27;-;7276;1015;404;0,00;270;351;2046;-6415;0
2023-12-01;16;26118;28873;20670;-;1254;-;18673;18163;-;510;-;6949;1060;37;0,00;672;-159;2070;-6396;0
2023-12-01;17;26649;29247;20706;-;1567;-;19270;18421;-;849;-;6974;1020;0;0,00;607;-256;1777;-7140;0
2023-12-01;18;26393;29100;20662;-;1540;-;18840;18220;-;620;-;6898;928;0;0,00;1361;-638;2056;-6867;0
2023-12-01;19;26036;29185;20847;-;1538;-;18532;17935;-;597;-;6800;855;0;0,00;816;-143;2427;-6601;0
2023-12-01;20;25674;29143;21134;-;1255;-;17548;17152;-;396;-;6754;847;0;0,00;960;486;3434;-5730;0
2023-12-01;21;24759;29413;21199;-;1518;-;16338;16211;-;127;-;6696;884;0;0,00;1253;505;3209;-5562;0
2023-12-01;22;23135;29221;21219;-;1558;-;15178;15170;-;8;-;6444;699;0;0,00;1083;442;3359;-5096;0
2023-12-01;23;21723;28942;21222;-;1551;-;14087;14087;-;0;-;6169;526;0;0,00;1153;286;4023;-4232;0
2023-12-01;24;20261;28889;21222;-;1557;-;13415;13415;-;0;-;6110;517;0;158,00;428;352;3959;-3956;0
2023-12-02;1;19503;26686;20542;-;0;-;12315;12315;-;0;-;6144;561;0;335,00;1936;-547;3591;-3168;0
2023-12-02;2;18992;26581;20457;-;0;-;12084;12084;-;0;-;6124;547;0;456,00;2307;-1095;3699;-2970;0
2023-12-02;3;18741;26425;20457;-;0;-;12294;12294;-;0;-;5968;395;0;496,00;2016;-1069;3489;-3185;0
2023-12-02;4;18678;26427;20457;-;0;-;12349;12349;-;0;-;5970;401;0;494,00;1998;-1150;3457;-3217;0
2023-12-02;5;18528;26422;20457;-;0;-;12073;12073;-;0;-;5965;398;0;447,00;2076;-1123;3755;-2919;0
2023-12-02;6;19016;26385;20430;-;0;-;12302;12302;-;0;-;5955;395;0;350,00;1855;-794;3435;-3212;0
2023-12-02;7;20308;25502;19583;-;0;-;12966;12966;-;0;-;5919;332;0;304,00;2284;-511;3441;-3834;0
2023-12-02;8;20859;25569;19575;-;68;-;13610;13610;-;0;-;5926;321;1;158,00;1629;-184;2709;-4558;0
2023-12-02;9;22210;26151;19535;-;509;-;14124;14018;-;106;-;6107;340;128;0,00;1618;412;2347;-4870;0
2023-12-02;10;23298;26995;19537;-;1022;-;14525;14266;-;260;-;6436;355;432;0,00;1928;476;2117;-5097;0
2023-12-02;11;23750;27301;19585;-;967;-;14370;14137;-;233;-;6749;410;680;0,00;2255;371;2220;-5046;0
2023-12-02;12;24018;27309;19352;-;1141;-;14394;14105;-;289;-;6816;440;747;0,00;2333;421;1972;-5137;0
2023-12-02;13;24169;27302;19377;-;1154;-;14423;13934;-;489;-;6771;504;669;0,00;2425;528;2200;-4959;0
2023-12-02;14;23866;26961;19372;-;952;-;13990;13764;-;225;-;6637;555;482;0,00;3087;124;2358;-4796;0
2023-12-02;15;23443;26882;19479;-;949;-;13916;13742;-;174;-;6454;617;221;0,00;3013;-12;2444;-4745;0
2023-12-02;16;23529;27567;19683;-;1470;-;14433;14142;-;291;-;6414;766;9;0,00;2342;328;2308;-4986;0
2023-12-02;17;23740;28081;19902;-;1548;-;14320;14043;-;277;-;6631;877;0;0,00;2887;-74;2509;-4677;0
2023-12-02;18;23485;28719;20442;-;1554;-;14748;14077;-;671;-;6723;961;0;0,00;2549;-669;2633;-4954;0
2023-12-02;19;23427;28904;20522;-;1575;-;14753;14154;-;598;-;6807;1062;0;0,00;2987;-1164;2724;-4943;0
2023-12-02;20;23020;28946;20547;-;1512;-;14264;13943;-;321;-;6887;1162;0;0,00;2989;-1162;2963;-4629;0
2023-12-02;21;22341;28932;20552;-;1545;-;13990;13950;-;39;-;6835;1216;0;0,00;2415;-906;2996;-4556;0
2023-12-02;22;20902;29279;20697;-;1583;-;12878;12878;-;0;-;6999;1403;0;95,00;2251;-1155;3592;-3764;0
2023-12-02;23;19723;29426;20725;-;1456;-;11511;11511;-;0;-;7245;1635;0;95,00;2347;-1157;4859;-2390;0
2023-12-02;24;18570;29275;20725;-;1160;-;11212;11212;-;0;-;7390;1763;0;129,00;1253;-1154;5058;-2191;0
2023-12-03;1;17435;27586;19622;-;664;-;12259;12117;-;142;-;7300;1698;0;188,00;-992;-1151;2892;-3289;0
2023-12-03;2;16939;27806;19587;-;820;-;12396;12215;-;181;-;7399;1815;0;480,00;-1297;-1150;2908;-3265;0
2023-12-03;3;16534;27032;19587;-;11;-;11027;11016;-;11;-;7434;1879;0;579,00;-126;-1151;4249;-1909;0
2023-12-03;4;16453;27118;19587;-;0;-;10931;10931;-;0;-;7531;1957;0;678,00;-201;-1141;4252;-1906;0
2023-12-03;5;16262;27179;19587;-;13;-;10672;10659;-;13;-;7579;2004;0;677,00;-121;-1152;4572;-1581;0
2023-12-03;6;16379;27466;19587;-;16;-;10897;10880;-;16;-;7863;2284;0;677,00;-566;-1141;4310;-1843;0
2023-12-03;7;17092;28585;20387;-;0;-;11433;11433;-;0;-;8198;2602;0;626,00;-811;-1153;4509;-2444;0
2023-12-03;8;17670;28699;20387;-;143;-;12757;12757;-;0;-;8169;2564;2;508,00;-1682;-1156;3145;-3798;0
2023-12-03;9;18580;28933;20457;-;88;-;12844;12844;-;0;-;8388;2643;130;0,00;-1490;-1142;3240;-3768;0
2023-12-03;10;19719;29141;20457;-;14;-;12886;12872;-;14;-;8670;2759;322;0,00;-774;-1148;3106;-3958;0
2023-12-03;11;20546;29890;20457;-;496;-;13763;13370;-;393;-;8937;2807;578;0,00;-1034;-1151;2661;-4413;0
2023-12-03;12;20974;30239;20457;-;578;-;13867;13493;-;374;-;9204;2959;726;0,00;-961;-1141;2566;-4516;0
2023-12-03;13;21261;30145;20457;-;644;-;13880;13570;-;310;-;9044;2854;669;0,00;-539;-1162;2454;-4650;0
2023-12-03;14;21310;29920;20357;-;483;-;13393;13097;-;296;-;9080;2963;567;0,00;-96;-1128;2805;-4184;0
2023-12-03;15;21044;29844;20457;-;410;-;13451;13373;-;79;-;8977;3010;397;0,00;-224;-1152;2699;-4410;0
2023-12-03;16;21012;30041;20407;-;659;-;13386;13325;-;62;-;8975;3312;24;0,00;-308;-1162;2568;-4492;0
2023-12-03;17;21399;29879;20259;-;614;-;13344;12994;-;349;-;9006;3347;0;0,00;125;-1109;2840;-3993;0
2023-12-03;18;21100;30679;20259;-;1367;-;14501;13459;-;1042;-;9053;3338;0;0,00;-1397;-1157;2310;-4539;0
2023-12-03;19;21394;30947;20472;-;1318;-;15080;14074;-;1006;-;9157;3419;0;0,00;-1713;-1163;1891;-5087;0
2023-12-03;20;21487;30973;20642;-;1179;-;14122;13481;-;641;-;9152;3340;0;0,00;-676;-1095;2618;-4445;0
2023-12-03;21;21029;30851;20879;-;1261;-;14298;13626;-;672;-;8711;2953;0;0,00;-893;-1160;2299;-4596;0
2023-12-03;22;20096;30594;20990;-;843;-;12995;12942;-;54;-;8761;3058;0;0,00;-443;-1155;2900;-3716;0
2023-12-03;23;19252;31417;21379;-;1380;-;13024;13024;-;0;-;8658;2971;0;34,00;-1278;-1156;2669;-3810;0
2023-12-03;24;18233;31223;21637;-;1008;-;12847;12847;-;0;-;8578;2892;0;554,00;-1633;-1154;3306;-3722;0
2023-12-04;1;17604;29214;20905;-;0;-;11874;11874;-;0;-;8309;2777;0;985,00;-471;-1092;4013;-2430;0
2023-12-04;2;17150;29474;21459;-;0;-;11870;11870;-;0;-;8015;2500;0;1059,00;-573;-1098;4251;-2207;0
2023-12-04;3;16945;29365;21464;-;0;-;11864;11864;-;0;-;7901;2401;0;1070,00;-554;-1157;4606;-1832;0
2023-12-04;4;16860;29183;21474;-;0;-;11601;11601;-;0;-;7709;2203;0;1205,00;-93;-1143;5534;-1477;0
2023-12-04;5;17309;29120;21409;-;0;-;11753;11753;-;0;-;7711;2219;0;1205,00;82;-1048;5421;-1547;0
2023-12-04;6;19153;28815;21225;-;0;-;12647;12647;-;0;-;7590;2133;0;928,00;314;-460;4765;-2172;0
2023-12-04;7;22611;29584;22024;-;46;-;15454;15454;-;0;-;7514;2014;0;3,00;-32;-347;3223;-4725;0
2023-12-04;8;24701;29847;21781;-;557;-;17220;17133;-;87;-;7509;1935;51;0,00;873;-948;2075;-6324;0
2023-12-04;9;25882;30570;21404;-;1055;-;17668;17315;-;353;-;8111;1906;670;0,00;1246;-1170;1727;-6494;0
2023-12-04;10;26552;30975;21551;-;1223;-;18002;17691;-;312;-;8201;1835;808;0,00;1250;-1170;1104;-7021;0
2023-12-04;11;26189;30503;21872;-;595;-;17606;17314;-;292;-;8036;1690;793;0,00;1827;-1161;2083;-6223;0
2023-12-04;12;26117;30453;21807;-;674;-;17217;17045;-;172;-;7972;1440;1006;0,00;1941;-1161;2032;-6160;0
2023-12-04;13;26412;29915;21557;-;690;-;17303;17029;-;274;-;7668;1219;953;0,00;2319;-1085;1843;-6197;0
2023-12-04;14;26009;29676;21098;-;1198;-;17481;17283;-;198;-;7380;1136;744;0,00;2201;-1086;1408;-6276;0
2023-12-04;15;25706;29896;21460;-;1329;-;18317;18079;-;238;-;7107;1246;344;0,00;1445;-1160;1113;-6591;0
2023-12-04;16;26019;30245;21798;-;1326;-;18662;18284;-;378;-;7121;1517;57;0,00;1000;-1070;1074;-6981;0
2023-12-04;17;26771;30919;22178;-;1350;-;19063;18259;-;804;-;7391;1718;0;0,00;1167;-886;1662;-6489;0
2023-12-04;18;26356;31727;22740;-;1350;-;18729;18168;-;561;-;7637;1924;0;0,00;1172;-1140;2392;-6392;0
2023-12-04;19;26020;32042;22802;-;1351;-;18219;17805;-;414;-;7889;2233;0;0,00;953;-1020;2797;-6065;0
2023-12-04;20;25625;32282;22421;-;1552;-;17445;17074;-;371;-;8309;2664;0;0,00;580;-646;2806;-6219;0
2023-12-04;21;24693;32563;22490;-;1518;-;16148;16065;-;83;-;8555;2931;0;0,00;178;-240;3771;-5323;0
2023-12-04;22;23086;32586;22495;-;1513;-;15036;15036;-;0;-;8578;3026;0;0,00;119;-788;4290;-4633;0
2023-12-04;23;21933;32523;22488;-;1530;-;14511;14511;-;0;-;8505;3059;0;0,00;-33;-1155;4875;-3827;0
2023-12-04;24;20351;32466;22420;-;1446;-;13021;13021;-;0;-;8600;3159;0;0,00;-99;-1121;6399;-2258;0
2023-12-05;1;18966;30148;21350;-;0;-;12596;12596;-;0;-;8798;3295;0;425,00;-882;-1151;5450;-2089;0
2023-12-05;2;18558;30185;21350;-;0;-;12375;12375;-;0;-;8835;3400;0;634,00;-855;-1152;5712;-1827;0
2023-12-05;3;18271;30343;21350;-;0;-;11945;11945;-;0;-;8993;3555;0;752,00;-852;-1154;6040;-1479;0
2023-12-05;4;18302;30420;21350;-;0;-;11200;11200;-;0;-;9070;3644;0;859,00;241;-1152;7074;-445;0
2023-12-05;5;18715;30600;21374;-;0;-;11903;11903;-;0;-;9226;3800;0;859,00;-406;-1152;6170;-1349;0
2023-12-05;6;20094;30979;21626;-;0;-;12673;12673;-;0;-;9353;3919;0;556,00;-379;-1039;5363;-2158;0
2023-12-05;7;23262;32184;22699;-;3;-;14075;14072;-;3;-;9482;4008;0;84,00;361;-559;4975;-3503;0
2023-12-05;8;24925;32250;22685;-;98;-;15929;15914;-;15;-;9467;3963;40;47,00;723;-1160;3094;-5330;0
2023-12-05;9;26205;33060;22577;-;384;-;16202;16099;-;104;-;10099;3935;660;32,00;1092;-1162;2809;-5618;0
2023-12-05;10;26183;33141;22594;-;176;-;15854;15738;-;116;-;10371;3747;1149;0,00;1092;-1162;3163;-5275;0
2023-12-05;11;26042;32968;22636;-;269;-;16110;15997;-;114;-;10063;3458;1146;0,00;1026;-1164;2968;-5012;0
2023-12-05;12;26232;33077;22639;-;762;-;16674;16390;-;284;-;9676;3064;1170;0,00;975;-1134;2544;-5439;0
2023-12-05;13;26173;32999;22629;-;912;-;16760;16358;-;402;-;9458;2701;1325;0,00;1061;-1132;2581;-5417;0
2023-12-05;14;26019;32817;22629;-;987;-;16830;16437;-;393;-;9201;2762;983;0,00;1026;-1099;2571;-5427;0
2023-12-05;15;25851;32432;22642;-;844;-;16963;16545;-;418;-;8946;3063;430;0,00;1092;-1163;2810;-5407;0
2023-12-05;16;25917;32649;22639;-;904;-;16974;16443;-;531;-;9106;3568;35;0,00;1092;-1165;3011;-5231;0
2023-12-05;17;26267;33551;22654;-;1172;-;16607;16327;-;280;-;9725;4104;0;0,00;870;-945;3042;-5137;0
2023-12-05;18;26004;33524;22671;-;918;-;16233;16167;-;66;-;9935;4282;0;0,00;875;-947;3323;-4926;0
2023-12-05;19;25803;33982;22675;-;1340;-;16041;15774;-;266;-;9967;4290;0;0,00;1062;-1162;3509;-5198;0
2023-12-05;20;25432;34285;22766;-;1555;-;15581;15421;-;160;-;9964;4240;0;0,00;598;-669;3891;-4909;0
2023-12-05;21;24936;33941;22574;-;1590;-;15245;15211;-;35;-;9777;4017;0;0,00;63;-203;4036;-4654;0
2023-12-05;22;23506;33388;22574;-;1512;-;15188;15185;-;3;-;9302;3586;0;0,00;-388;-615;4097;-4593;0
2023-12-05;23;22256;32884;22579;-;1583;-;15284;15284;-;0;-;8722;3082;0;0,00;-1870;80;3981;-4714;0
2023-12-05;24;20673;32245;22579;-;1186;-;14469;14410;-;59;-;8480;2864;0;0,00;-2485;183;4869;-3809;0
2023-12-06;1;19475;30162;21728;-;0;-;13014;13014;-;0;-;8434;2831;0;481,00;-983;-572;5377;-2432;0
2023-12-06;2;19122;29897;21728;-;0;-;13448;13448;-;0;-;8169;2545;0;628,00;-813;-1147;4913;-2931;0
2023-12-06;3;19015;29821;21728;-;0;-;13101;13101;-;0;-;8093;2474;0;1020,00;-40;-1159;5314;-2540;0
2023-12-06;4;19197;29714;21716;-;0;-;13331;13331;-;0;-;7998;2380;0;1115,00;44;-1069;5104;-2738;0
2023-12-06;5;19646;29804;21774;-;0;-;13782;13782;-;0;-;8030;2392;0;909,00;-136;-1157;4687;-3213;0
2023-12-06;6;20850;29976;21774;-;0;-;13925;13925;-;0;-;8202;2502;0;565,00;-7;-623;4766;-3134;0
2023-12-06;7;23667;30914;22514;-;46;-;15532;15499;-;33;-;8354;2613;0;0,00;-121;-24;4062;-4555;0
2023-12-06;8;25350;31209;22301;-;471;-;16978;16762;-;216;-;8437;2656;13;0,00;555;-631;2869;-5798;0
2023-12-06;9;26416;32268;22235;-;1306;-;17743;17422;-;321;-;8727;2596;358;0,00;492;-570;2092;-6601;0
2023-12-06;10;26612;32505;22262;-;1437;-;17898;17436;-;462;-;8806;2442;562;0,00;440;-519;1870;-6688;0
2023-12-06;11;26632;32243;22395;-;1417;-;18266;17781;-;485;-;8431;2355;390;0,00;491;-571;1592;-6785;0
2023-12-06;12;26588;32016;22415;-;1090;-;17403;17347;-;56;-;8511;2122;710;0,00;1199;-467;2043;-6263;0
2023-12-06;13;26878;31945;22414;-;1271;-;17691;17565;-;126;-;8260;2012;615;0,00;1361;-437;1743;-6562;0
2023-12-06;14;26981;31638;22391;-;1180;-;17558;17462;-;96;-;8067;1966;451;0,00;1791;-390;1870;-6412;0
2023-12-06;15;26461;31468;22419;-;1008;-;17137;17087;-;50;-;8041;2110;236;0,00;1672;-374;2259;-6053;0
2023-12-06;16;26327;31275;22414;-;830;-;16909;16849;-;60;-;8031;2294;15;0,00;1458;-81;2555;-5770;0
2023-12-06;17;26778;32119;22411;-;1398;-;18180;17549;-;630;-;8310;2458;0;0,00;311;-83;1923;-6460;0
2023-12-06;18;26526;32414;22449;-;1604;-;18063;17604;-;458;-;8361;2483;0;0,00;157;-80;1941;-6446;0
2023-12-06;19;26235;32407;22630;-;1505;-;17954;17888;-;65;-;8272;2369;0;0,00;0;-78;1775;-7113;0
2023-12-06;20;25974;32009;22379;-;1547;-;17930;17794;-;136;-;8083;2181;0;0,00;-600;523;1668;-6985;0
2023-12-06;21;25216;31948;22393;-;1580;-;16818;16808;-;10;-;7975;2126;0;0,00;-69;525;2739;-6057;0
2023-12-06;22;23416;31772;22461;-;1578;-;15877;15877;-;0;-;7733;1956;0;0,00;-322;130;3708;-5202;0
2023-12-06;23;22083;31584;22523;-;1583;-;14932;14932;-;0;-;7478;1724;0;0,00;-512;128;4656;-4336;0
2023-12-06;24;20608;30960;22523;-;1170;-;14152;14114;-;38;-;7267;1563;0;0,00;-1043;220;5519;-3567;0
2023-12-07;1;19989;28482;21643;-;0;-;14542;14542;-;0;-;6839;1310;0;126,00;-1557;166;4098;-4108;0
2023-12-07;2;19270;28410;21643;-;0;-;14136;14136;-;0;-;6767;1231;0;500,00;-1063;37;4736;-3415;0
2023-12-07;3;18812;28294;21606;-;0;-;13646;13646;-;0;-;6688;1171;0;869,00;-824;178;5088;-3033;0
2023-12-07;4;18841;28218;21593;-;0;-;13210;13210;-;0;-;6625;1126;0;839,00;-356;241;5546;-2565;0
2023-12-07;5;19272;28123;21593;-;0;-;13794;13794;-;0;-;6530;1034;0;784,00;-331;30;4888;-3223;0
2023-12-07;6;20642;28009;21593;-;0;-;14528;14528;-;0;-;6416;936;0;594,00;83;110;4116;-3995;0
2023-12-07;7;23371;28828;22393;-;0;-;15947;15947;-;0;-;6435;890;0;53,00;1010;-12;3693;-5218;0
2023-12-07;8;25084;28881;22279;-;81;-;17038;17024;-;13;-;6521;875;1;0,00;1444;33;2667;-6095;0
2023-12-07;9;26454;30314;22279;-;1367;-;18915;18380;-;535;-;6668;849;102;0,00;503;149;1488;-7502;0
2023-12-07;10;26845;29604;22093;-;769;-;18096;17702;-;404;-;6742;753;320;0,00;1743;232;2179;-6375;0
2023-12-07;11;26712;29379;22278;-;258;-;17660;17402;-;258;-;6843;672;506;0,00;2386;-144;2718;-5770;0
2023-12-07;12;27158;29476;22278;-;374;-;17714;17507;-;208;-;6824;589;643;0,00;2398;209;2568;-5894;0
2023-12-07;13;27218;29567;22248;-;643;-;17846;17647;-;199;-;6676;488;603;0,00;2358;330;2401;-6048;0
2023-12-07;14;26838;29438;22226;-;692;-;17802;17600;-;202;-;6520;372;460;0,00;2314;271;2517;-5909;0
2023-12-07;15;26367;29132;22216;-;632;-;17702;17500;-;202;-;6284;372;237;0,00;2243;124;2596;-5823;0
2023-12-07;16;26475;28918;22269;-;489;-;17847;17544;-;303;-;6160;495;10;0,00;2295;195;2744;-5788;0
2023-12-07;17;26834;29981;22258;-;1439;-;19145;18172;-;973;-;6284;550;0;0,00;1031;319;2083;-6453;0
2023-12-07;18;26543;30199;22275;-;1588;-;18837;17999;-;838;-;6336;599;0;0,00;1038;324;2319;-6204;0
2023-12-07;19;26147;29978;22286;-;1308;-;18089;17834;-;255;-;6384;713;0;0,00;1378;319;2526;-6514;0
2023-12-07;20;25930;30365;22343;-;1581;-;18118;18005;-;113;-;6441;764;0;0,00;643;719;2380;-6578;0
2023-12-07;21;25173;30220;22348;-;1575;-;17404;17404;-;0;-;6297;695;0;0,00;636;802;2961;-6177;0
2023-12-07;22;23410;29707;21953;-;1561;-;16023;16023;-;0;-;6193;698;0;0,00;550;584;3929;-5047;0
2023-12-07;23;22109;29155;21416;-;1583;-;14857;14857;-;0;-;6156;711;0;0,00;437;666;4534;-4204;0
2023-12-07;24;20719;29239;21496;-;1561;-;13497;13497;-;0;-;6182;748;0;0,00;449;612;5738;-2949;0
2023-12-08;1;19501;26418;20247;-;0;-;12751;12751;-;0;-;6171;817;0;423,00;412;602;5629;-2296;0
2023-12-08;2;19062;26449;20247;-;0;-;13170;13170;-;0;-;6202;838;0;818,00;308;229;5343;-2627;0
2023-12-08;3;18780;26357;20057;-;0;-;13400;13400;-;0;-;6300;927;0;870,00;-5;-60;5031;-2899;0
2023-12-08;4;18852;26290;19947;-;0;-;13471;13471;-;0;-;6343;972;0;915,00;230;-293;4742;-3148;0
2023-12-08;5;19296;26370;19947;-;0;-;13252;13252;-;0;-;6423;1050;0;911,00;473;65;4981;-2909;0
2023-12-08;6;20396;26557;19965;-;0;-;13411;13411;-;0;-;6592;1217;0;766,00;1051;162;4889;-3019;0
2023-12-08;7;23234;27239;20420;-;61;-;15455;15395;-;61;-;6758;1379;0;53,00;854;229;3541;-5047;0
2023-12-08;8;25219;28202;20406;-;851;-;17120;16767;-;353;-;6945;1406;8;0,00;871;261;2123;-6421;0
2023-12-08;9;26381;29165;20445;-;1375;-;17618;17017;-;601;-;7345;1514;238;0,00;1181;191;1887;-5690;0
2023-12-08;10;26416;28470;19977;-;859;-;16653;16422;-;232;-;7634;1592;532;0,00;1912;237;2081;-5196;0
2023-12-08;11;26334;28404;19897;-;698;-;16418;16324;-;94;-;7809;1664;712;0,00;1762;320;2134;-5143;0
2023-12-08;12;26557;28670;19851;-;796;-;16467;16161;-;306;-;8023;1736;841;0,00;1851;250;2309;-5229;0
2023-12-08;13;26543;28802;19791;-;867;-;16327;16075;-;252;-;8144;1928;833;0,00;1805;275;2310;-5294;0
2023-12-08;14;26363;29074;19826;-;1198;-;16600;16191;-;409;-;8050;2031;625;0,00;1411;249;2167;-5437;0
2023-12-08;15;26131;28486;19740;-;877;-;16254;16003;-;251;-;7869;2154;270;0,00;1727;267;2308;-5258;0
2023-12-08;16;26145;28860;19670;-;1103;-;16396;15893;-;502;-;8087;2539;24;0,00;1413;217;2256;-5128;0
2023-12-08;17;26579;29952;19939;-;1496;-;17047;16144;-;902;-;8517;2945;0;0,00;631;306;2125;-5403;0
2023-12-08;18;26119;29867;20321;-;1008;-;16321;16003;-;318;-;8538;2917;0;0,00;833;442;2545;-5459;0
2023-12-08;19;25694;30180;20430;-;1035;-;15842;15737;-;105;-;8715;3086;0;0,00;679;475;2378;-5345;0
2023-12-08;20;25554;30710;20951;-;1050;-;15931;15918;-;13;-;8709;3116;0;0,00;699;261;2666;-5543;0
2023-12-08;21;24734;30600;20845;-;1149;-;15070;15070;-;0;-;8606;3045;0;3,00;738;220;2804;-5073;0
2023-12-08;22;22918;30288;20942;-;1063;-;14271;14271;-;0;-;8283;2756;0;11,00;280;221;3928;-4047;0
2023-12-08;23;21531;29486;20418;-;1141;-;13977;13977;-;0;-;7927;2418;0;11,00;-764;364;3847;-4040;0
2023-12-08;24;20206;29123;20371;-;1084;-;13070;13070;-;0;-;7668;2252;0;8,00;-1065;537;4594;-3188;0
2023-12-09;1;19221;26707;19096;-;14;-;11987;11974;-;14;-;7597;2215;0;322,00;-571;479;3771;-3130;0
2023-12-09;2;18614;26637;19096;-;0;-;11555;11555;-;0;-;7541;2142;0;504,00;-421;332;4128;-2773;0
2023-12-09;3;18281;26553;19096;-;0;-;11555;11555;-;0;-;7457;2085;0;634,00;-481;373;4229;-2672;0
2023-12-09;4;18248;26573;19176;-;0;-;11672;11672;-;0;-;7397;2024;0;923,00;-164;262;4200;-2781;0
2023-12-09;5;18361;26374;19136;-;11;-;11996;11985;-;11;-;7227;1850;0;842,00;-326;241;3785;-3156;0
2023-12-09;6;18789;26113;19059;-;15;-;12122;12107;-;15;-;7039;1649;0;603,00;-317;456;3559;-3305;0
2023-12-09;7;19816;25877;18860;-;0;-;12016;12016;-;0;-;7017;1616;0;164,00;312;604;3511;-3154;0
2023-12-09;8;20511;25294;18319;-;5;-;12062;12057;-;5;-;6970;1518;6;16,00;1053;537;3592;-3068;0
2023-12-09;9;22054;25353;18269;-;124;-;13344;13280;-;64;-;6960;1324;122;0,00;1334;377;2185;-4425;0
2023-12-09;10;23253;26059;18197;-;865;-;14406;13577;-;829;-;6997;1205;252;0,00;1533;285;1822;-4710;0
2023-12-09;11;23456;26292;18452;-;896;-;14511;13656;-;855;-;6944;1093;321;0,00;1737;272;1847;-4668;0
2023-12-09;12;23589;26677;18452;-;1245;-;14830;13720;-;1110;-;6980;1120;364;0,00;1258;458;1713;-4802;0
2023-12-09;13;23686;26691;18562;-;1156;-;14979;14037;-;942;-;6973;1207;310;0,00;1239;449;1520;-4862;0
2023-12-09;14;23428;26951;18599;-;1363;-;14975;14130;-;845;-;6989;1232;230;0,00;938;481;1467;-4910;0
2023-12-09;15;22987;26468;18599;-;842;-;14389;13786;-;603;-;7027;1389;119;0,00;1044;531;1860;-4617;0
2023-12-09;16;23069;27207;18832;-;1274;-;15102;14553;-;548;-;7101;1579;6;0,00;39;644;1138;-5732;0
2023-12-09;17;23285;27384;18857;-;1202;-;15124;14675;-;449;-;7325;1698;0;0,00;195;634;1218;-5634;0
2023-12-09;18;23118;27768;18971;-;1398;-;15306;14926;-;380;-;7399;1764;0;0,00;-385;709;999;-5964;0
2023-12-09;19;22701;27891;19204;-;1129;-;14671;14370;-;302;-;7558;1987;0;0,00;-315;782;1873;-5180;0
2023-12-09;20;22170;28232;19344;-;1099;-;14186;13781;-;405;-;7789;2228;0;0,00;-349;584;2646;-4447;0
2023-12-09;21;21444;28346;19368;-;1076;-;13238;13041;-;197;-;7902;2418;0;0,00;-464;750;2911;-4125;0
2023-12-09;22;20353;29261;19763;-;1413;-;12169;12097;-;72;-;8085;2623;0;0,00;-603;685;3233;-3442;0
2023-12-09;23;19249;29305;19905;-;1088;-;10923;10916;-;7;-;8312;2848;0;0,00;-829;770;4428;-2317;0
2023-12-09;24;18174;29319;20144;-;712;-;9724;9724;-;0;-;8463;3019;0;0,00;-157;102;4778;-1630;0
2023-12-10;1;17129;28312;19854;-;0;-;8719;8719;-;0;-;8458;3113;0;32,00;295;-349;4899;-936;0
2023-12-10;2;16491;28397;19934;-;0;-;8794;8794;-;0;-;8463;3123;0;736,00;324;-377;4920;-946;0
2023-12-10;3;16105;28299;19934;-;0;-;8959;8959;-;0;-;8365;3100;0;1183,00;420;-475;4758;-1108;0
2023-12-10;4;15971;28239;19934;-;0;-;8902;8902;-;0;-;8305;3049;0;1167,00;96;-151;4847;-1019;0
2023-12-10;5;15886;28464;20025;-;0;-;8696;8696;-;0;-;8439;3185;0;1151,00;317;-375;5168;-663;0
2023-12-10;6;16110;28473;20017;-;0;-;8835;8835;-;0;-;8456;3200;0;1117,00;76;-133;4988;-928;0
2023-12-10;7;16802;28919;20417;-;87;-;9136;9050;-;87;-;8415;3144;0;702,00;343;-401;5087;-1229;0
2023-12-10;8;17541;28623;20417;-;73;-;9527;9454;-;73;-;8133;2946;8;105,00;-96;36;4728;-1495;0
2023-12-10;9;18482;28898;20417;-;34;-;10123;10089;-;34;-;8447;2962;205;0,00;-286;238;4520;-1703;0
2023-12-10;10;19670;28838;20299;-;132;-;11372;11240;-;132;-;8407;2766;401;0,00;-415;283;4097;-2780;0
2023-12-10;11;20758;29743;20234;-;1085;-;12725;12266;-;459;-;8424;2684;539;0,00;-625;181;2997;-3877;0
2023-12-10;12;21255;29796;20204;-;1234;-;12956;12435;-;521;-;8358;2677;595;0,00;-315;248;2938;-3936;0
2023-12-10;13;21269;29089;20152;-;834;-;12507;12159;-;348;-;8103;2577;509;0,00;434;263;3339;-3553;0
2023-12-10;14;21089;28896;20112;-;913;-;12495;12170;-;325;-;7871;2466;344;0,00;413;307;3246;-3606;0
2023-12-10;15;20826;29365;20104;-;1325;-;12816;12403;-;413;-;7936;2656;161;0,00;-249;299;2985;-3860;0
2023-12-10;16;20814;29199;20154;-;909;-;12612;12132;-;480;-;8136;2970;8;0,00;-116;214;3361;-3534;0
2023-12-10;17;21014;29848;20094;-;1198;-;12619;12339;-;280;-;8556;3316;0;0,00;-382;232;3075;-3740;0
2023-12-10;18;21274;30453;20164;-;1284;-;12516;12214;-;302;-;9005;3680;0;0,00;-514;269;3259;-3626;0
2023-12-10;19;21217;30725;19949;-;1583;-;12304;11932;-;373;-;9193;3943;0;0,00;-615;319;3310;-3360;0
2023-12-10;20;20978;30849;20169;-;1303;-;11641;11219;-;422;-;9377;4126;0;0,00;-323;259;4234;-2656;0
2023-12-10;21;20489;30819;20113;-;1347;-;11769;11411;-;358;-;9359;4141;0;0,00;-940;273;3927;-2865;0
2023-12-10;22;19612;31179;20274;-;1583;-;11530;11384;-;146;-;9322;4176;0;0,00;-1468;181;3993;-2864;0
2023-12-10;23;18611;31306;20553;-;1443;-;10324;10302;-;22;-;9310;4180;0;0,00;-1160;126;5114;-1816;0
2023-12-10;24;17567;31214;20625;-;1063;-;9275;9275;-;0;-;9526;4445;0;8,00;-1152;141;6177;-620;0
2023-12-11;1;16275;29730;20060;-;27;-;8565;8539;-;27;-;9643;4662;0;549,00;-661;-595;5578;-502;0
2023-12-11;2;16091;29625;19955;-;14;-;8574;8560;-;14;-;9656;4618;0;1237,00;-552;-380;4920;-888;0
2023-12-11;3;15998;29749;20005;-;0;-;8367;8364;-;0;-;9744;4688;0;1521,00;28;-397;5422;-404;0
2023-12-11;4;16049;29721;20005;-;0;-;8250;8250;-;0;-;9716;4680;0;1516,00;-48;-395;5049;-673;0
2023-12-11;5;16575;29598;19905;-;0;-;9028;9031;-;0;-;9693;4663;0;1436,00;-409;-379;4309;-1313;0
2023-12-11;6;18279;29261;19778;-;0;-;10375;10375;-;0;-;9483;4452;0;653,00;-1034;81;3239;-2442;0
2023-12-11;7;21433;29940;20075;-;54;-;12555;12520;-;35;-;9811;4733;0;0,00;-1042;94;2399;-3974;0
2023-12-11;8;23271;29858;19568;-;415;-;13808;13525;-;282;-;9875;4719;2;0,00;-557;93;1980;-4476;0
2023-12-11;9;24779;30229;19745;-;676;-;14978;14420;-;558;-;9808;4428;180;0,00;-300;283;1998;-5174;0
2023-12-11;10;24760;30154;19665;-;421;-;14777;14452;-;325;-;10068;4337;531;0,00;-406;384;2378;-4883;0
2023-12-11;11;24577;30091;19757;-;0;-;14175;14175;-;0;-;10334;4337;805;0,00;-316;379;3243;-3990;0
2023-12-11;12;24963;30140;19782;-;0;-;14455;14455;-;0;-;10358;4143;1011;0,00;-195;338;2985;-3971;0
2023-12-11;13;24867;30478;19920;-;222;-;14482;14260;-;222;-;10336;3939;1171;0,00;-468;460;3311;-3784;0
2023-12-11;14;24565;29812;19853;-;252;-;14883;14631;-;252;-;9707;3798;675;0,00;-500;530;3115;-3958;0
2023-12-11;15;24533;29444;19920;-;347;-;15388;15091;-;297;-;9177;3550;344;0,00;-589;532;2694;-4491;0
2023-12-11;16;24956;29733;20110;-;856;-;16057;15505;-;552;-;8767;3396;31;0,00;-155;288;2357;-4885;0
2023-12-11;17;25305;30187;20095;-;1351;-;16260;15680;-;580;-;8741;3261;0;0,00;-41;279;2099;-5121;0
2023-12-11;18;25116;29954;20129;-;1239;-;16198;15597;-;601;-;8586;3126;0;0,00;238;91;2216;-5270;0
2023-12-11;19;24811;29859;20126;-;1322;-;16351;15709;-;642;-;8411;3026;0;0,00;-54;92;2093;-5385;0
2023-12-11;20;24554;29703;20131;-;1279;-;15832;15283;-;548;-;8293;2952;0;0,00;330;93;2528;-5448;0
2023-12-11;21;23964;29250;19991;-;1351;-;15722;15180;-;542;-;7908;2652;0;0,00;-481;637;2320;-5509;0
2023-12-11;22;22430;28982;20211;-;1203;-;14768;14559;-;210;-;7568;2440;0;0,00;90;99;3436;-4631;0
2023-12-11;23;21090;29206;20514;-;1315;-;14621;14585;-;36;-;7377;2296;0;53,00;-989;80;3319;-4794;0
2023-12-11;24;19671;28771;20477;-;1003;-;13859;13834;-;25;-;7291;2215;0;488,00;-1154;105;4028;-4078;0
2023-12-12;1;18274;27279;19924;-;0;-;12087;12087;-;0;-;7355;2516;0;729,00;-543;137;5326;-2178;0
2023-12-12;2;17663;27478;19983;-;0;-;11677;11677;-;0;-;7495;2657;0;1013,00;-254;-102;5937;-1626;0
2023-12-12;3;17555;27418;19988;-;0;-;11918;11918;-;0;-;7430;2599;0;1030,00;-606;-174;5605;-1963;0
2023-12-12;4;17558;27338;19988;-;0;-;11878;11878;-;0;-;7350;2562;0;1028,00;-742;107;5822;-1836;0
2023-12-12;5;17889;27287;20014;-;0;-;11972;11972;-;0;-;7273;2486;0;1016,00;-456;109;5861;-1841;0
2023-12-12;6;19014;26980;19850;-;0;-;12309;12309;-;0;-;7130;2317;0;810,00;369;102;5866;-1854;0
2023-12-12;7;21750;27168;20142;-;0;-;14263;14263;-;0;-;7026;2160;0;243,00;648;96;4746;-3604;0
2023-12-12;8;23829;26976;20008;-;28;-;16137;16127;-;10;-;6940;1949;0;0,00;616;94;3051;-5102;0
2023-12-12;9;25010;27613;19915;-;812;-;17451;17281;-;171;-;6886;1791;79;0,00;963;-330;1937;-6160;0
2023-12-12;10;25102;27278;19917;-;300;-;16800;16550;-;250;-;7061;1611;364;0,00;1288;58;2853;-4727;0
2023-12-12;11;25068;27562;20014;-;179;-;16111;15932;-;179;-;7369;1493;597;0,00;1625;101;3648;-3990;0
2023-12-12;12;25461;27420;20089;-;0;-;16294;16294;-;0;-;7331;1301;722;0,00;1662;109;3347;-4498;0
2023-12-12;13;25320;27269;20059;-;0;-;16174;16174;-;0;-;7210;1168;736;0,00;1907;108;3776;-4216;0
2023-12-12;14;25290;27116;20094;-;66;-;16715;16715;-;0;-;6956;1033;599;0,00;1571;147;3346;-4626;0
2023-12-12;15;24937;26459;19470;-;496;-;17239;17058;-;181;-;6493;842;327;0,00;898;165;2269;-6200;0
2023-12-12;16;25228;26674;19200;-;1329;-;18189;17364;-;825;-;6145;766;24;0,00;802;93;1805;-6454;0
2023-12-12;17;25647;27287;19540;-;1556;-;18503;17487;-;1016;-;6191;709;0;0,00;983;-14;2029;-6294;0
2023-12-12;18;25426;27383;19785;-;1522;-;18212;17384;-;828;-;6076;650;0;0,00;1393;-174;2327;-6060;0
2023-12-12;19;25090;27570;20082;-;1504;-;17550;16923;-;627;-;5984;628;0;0,00;1268;292;2866;-5770;0
2023-12-12;20;25006;27691;20201;-;1556;-;17539;17190;-;349;-;5934;593;0;0,00;1256;455;2792;-5888;0
2023-12-12;21;24092;27834;20266;-;1602;-;16668;16568;-;100;-;5966;611;0;0,00;876;775;3443;-5225;0
2023-12-12;22;21999;27846;20405;-;1476;-;14480;14470;-;10;-;5965;678;0;0,00;1241;374;5082;-3419;0
2023-12-12;23;20806;27702;20221;-;1529;-;13616;13606;-;10;-;5952;758;0;0,00;751;529;5834;-2635;0
2023-12-12;24;19638;27518;20388;-;1154;-;13291;13281;-;10;-;5976;822;0;243,00;10;511;5690;-2647;0
2023-12-13;1;18492;25494;19597;-;4;-;12533;12529;-;4;-;5893;770;0;538,00;317;275;5782;-1928;0
2023-12-13;2;17770;25212;19163;-;12;-;12238;12226;-;12;-;6037;903;0;870,00;82;258;5638;-1654;0
2023-12-13;3;17418;25567;19270;-;0;-;12117;12117;-;0;-;6297;1088;0;946,00;-179;109;5859;-1537;0
2023-12-13;4;17414;26112;19592;-;0;-;11906;11906;-;0;-;6520;1308;0;974,00;-149;113;6414;-1304;0
2023-12-13;5;17924;26339;19619;-;0;-;12131;12131;-;0;-;6720;1509;0;960,00;-79;112;6214;-1519;0
2023-12-13;6;19111;26574;19653;-;3;-;12823;12821;-;3;-;6918;1685;0;814,00;70;109;5525;-2172;0
2023-12-13;7;22165;27781;20495;-;14;-;14522;14508;-;14;-;7272;1973;0;0,00;211;99;4375;-3911;0
2023-12-13;8;23909;27925;20244;-;10;-;15409;15399;-;10;-;7671;2213;3;0,00;794;97;3508;-4644;0
2023-12-13;9;24743;28779;20552;-;169;-;16038;15869;-;169;-;8058;2444;145;0,00;653;38;3227;-4861;0
2023-12-13;10;25211;29519;21066;-;195;-;16234;16039;-;195;-;8258;2422;437;0,00;478;169;3455;-5083;0
2023-12-13;11;25445;29375;20253;-;825;-;16097;15766;-;331;-;8297;2165;737;0,00;915;83;2427;-4934;0
2023-12-13;12;25593;29651;20194;-;1295;-;16222;15953;-;269;-;8162;1870;886;0,00;833;361;2048;-5199;0
2023-12-13;13;25607;29417;20012;-;1479;-;16430;16142;-;288;-;7926;1713;855;0,00;997;247;1685;-5405;0
2023-12-13;14;25518;29334;20395;-;1252;-;16369;16311;-;59;-;7687;1769;656;0,00;1052;469;1966;-5497;0
2023-12-13;15;24976;28951;20388;-;1008;-;15935;15935;-;0;-;7555;2034;291;0,00;1061;447;2298;-4731;0
2023-12-13;16;25119;29640;20630;-;1302;-;16245;15796;-;449;-;7708;2404;6;0,00;893;282;2666;-4573;0
2023-12-13;17;25504;30165;20621;-;1579;-;16485;15855;-;638;-;7965;2608;0;0,00;713;270;2300;-4762;0
2023-12-13;18;25314;30265;20702;-;1536;-;16055;15758;-;297;-;8027;2653;0;0,00;729;499;2538;-4648;0
2023-12-13;19;25013;30043;20729;-;1509;-;15773;15501;-;271;-;7805;2487;0;0,00;935;492;2817;-4887;0
2023-12-13;20;24818;30307;21035;-;1510;-;15672;15514;-;158;-;7762;2424;0;0,00;812;590;3137;-5157;0
2023-12-13;21;24139;30088;20969;-;1549;-;15201;14972;-;229;-;7570;2312;0;0,00;836;593;3609;-4572;0
2023-12-13;22;22538;29713;21009;-;1513;-;14199;14047;-;151;-;7191;1990;0;0,00;1232;39;4567;-3614;0
2023-12-13;23;21059;29433;20892;-;1661;-;13699;13646;-;53;-;6880;1712;0;0,00;993;-522;4661;-3407;0
2023-12-13;24;19697;29249;20892;-;1651;-;12781;12781;-;0;-;6706;1541;0;155,00;1368;-1004;5621;-2472;0
2023-12-14;1;18433;26392;19700;-;0;-;11586;11586;-;0;-;6692;1557;0;331,00;1320;-817;5985;-1223;0
2023-12-14;2;17795;26280;19700;-;0;-;11745;11745;-;0;-;6580;1403;0;591,00;921;-922;5805;-1438;0
2023-12-14;3;17546;26320;19752;-;0;-;11864;11864;-;0;-;6568;1386;0;683,00;770;-992;5531;-1625;0
2023-12-14;4;17557;26397;19822;-;0;-;11905;11905;-;0;-;6575;1411;0;666,00;704;-994;5588;-1673;0
2023-12-14;5;18049;26460;19947;-;0;-;12111;12111;-;0;-;6513;1351;0;537,00;963;-989;5511;-1750;0
2023-12-14;6;19240;26920;20433;-;0;-;12580;12580;-;0;-;6487;1295;0;164,00;1396;-974;5741;-2006;0
2023-12-14;7;22222;27290;20791;-;12;-;14645;14633;-;12;-;6487;1212;0;76,00;1642;-441;4517;-3997;0
2023-12-14;8;23895;27238;20722;-;10;-;15800;15790;-;10;-;6506;1065;0;0,00;2605;-997;3334;-5026;0
2023-12-14;9;24957;27679;20748;-;392;-;17082;16718;-;364;-;6539;947;126;0,00;1901;-587;2509;-5937;0
2023-12-14;10;25250;27843;20646;-;394;-;16723;16329;-;394;-;6803;802;531;0,00;2652;-900;2845;-5138;0
2023-12-14;11;25368;27673;20518;-;262;-;16485;16223;-;262;-;6893;711;711;0,00;2730;-763;2772;-5073;0
2023-12-14;12;25675;27576;20518;-;323;-;16730;16407;-;323;-;6735;636;691;0,00;2774;-604;2572;-5244;0
2023-12-14;13;25756;27661;20660;-;360;-;16895;16603;-;292;-;6641;629;621;0,00;2631;-418;2551;-5467;0
2023-12-14;14;25804;27687;20604;-;561;-;16967;16684;-;283;-;6522;645;463;0,00;2901;-601;2406;-5612;0
2023-12-14;15;25456;27600;20599;-;601;-;17083;16784;-;299;-;6400;699;223;0,00;2825;-916;2252;-5766;0
2023-12-14;16;25590;28193;20604;-;1268;-;17758;17270;-;488;-;6321;785;11;0,00;2340;-834;1829;-6114;0
2023-12-14;17;25824;28717;20565;-;1427;-;17875;17130;-;744;-;6725;1016;0;0,00;1998;-767;1942;-5934;0
2023-12-14;18;25279;28838;20571;-;1423;-;17426;16709;-;717;-;6844;1113;0;0,00;2090;-1042;2401;-5462;0
2023-12-14;19;25014;28996;20700;-;1411;-;16519;16083;-;436;-;6885;1144;0;0,00;2290;-690;2769;-5497;0
2023-12-14;20;25038;29058;20778;-;1445;-;16043;15885;-;158;-;6835;1154;0;0,00;2225;-80;2929;-5414;0
2023-12-14;21;24279;28947;20842;-;1332;-;14697;14697;-;0;-;6773;1117;0;0,00;2410;487;3787;-4370;0
2023-12-14;22;22734;28835;20856;-;1357;-;14176;14176;-;0;-;6622;1053;0;0,00;2108;-164;4128;-4005;0
2023-12-14;23;21210;28995;20856;-;1721;-;13757;13757;-;0;-;6418;1029;0;0,00;1274;-334;4485;-3648;0
2023-12-14;24;19840;28380;20856;-;1291;-;13066;13066;-;0;-;6233;963;0;150,00;676;4;5319;-2844;0
2023-12-15;1;18733;25795;19518;-;63;-;12310;12247;-;63;-;6214;893;0;358,00;414;189;4738;-2229;0
2023-12-15;2;17983;25755;19518;-;40;-;11494;11454;-;40;-;6197;888;0;410,00;616;140;5549;-1438;0
2023-12-15;3;17731;25760;19518;-;0;-;11522;11522;-;0;-;6242;927;0;864,00;651;138;5386;-1611;0
2023-12-15;4;17715;26454;19828;-;0;-;11420;11420;-;0;-;6626;1301;0;923,00;743;-26;5965;-1332;0
2023-12-15;5;18177;26794;19828;-;0;-;10991;10991;-;0;-;6966;1644;0;1050,00;1466;-151;6314;-985;0
2023-12-15;6;19350;26983;19828;-;0;-;11874;11874;-;0;-;7155;1828;0;870,00;1412;-186;5421;-1889;0
2023-12-15;7;22400;27791;20428;-;20;-;13694;13675;-;20;-;7343;1995;0;0,00;1214;99;4135;-3782;0
2023-12-15;8;24178;28284;20428;-;215;-;15023;14852;-;172;-;7641;2116;10;0,00;1412;97;3004;-4903;0
2023-12-15;9;25192;29023;20428;-;161;-;14934;14773;-;161;-;8434;2388;558;0,00;1749;83;3094;-4823;0
2023-12-15;10;25550;29839;20000;-;878;-;15110;15078;-;32;-;8961;2544;951;0,00;1275;80;2228;-5186;0
2023-12-15;11;25491;29719;19823;-;759;-;15017;15000;-;16;-;9137;2595;1197;0,00;1180;94;2192;-5152;0
2023-12-15;12;25581;29819;19966;-;471;-;14760;14760;-;0;-;9382;2625;1458;0,00;1339;93;2630;-4811;0
2023-12-15;13;25258;29537;19986;-;53;-;14255;14255;-;0;-;9498;2758;1470;0,00;1451;95;3204;-4275;0
2023-12-15;14;25154;29471;19959;-;0;-;13947;13947;-;0;-;9512;3038;1242;0,00;1545;94;3388;-4093;0
2023-12-15;15;25109;29459;19924;-;373;-;14522;14305;-;217;-;9162;3305;580;0,00;1335;96;3056;-4390;0
2023-12-15;16;25302;29919;19921;-;1175;-;15347;14992;-;350;-;8823;3439;41;0,00;1099;95;2419;-5010;0
2023-12-15;17;25718;30339;19796;-;1482;-;15593;15071;-;523;-;9061;3591;0;0,00;916;94;2103;-5151;0
2023-12-15;18;25359;30363;19796;-;1441;-;15414;14737;-;677;-;9126;3707;0;0,00;686;131;2488;-4768;0
2023-12-15;19;24733;30868;20466;-;1132;-;14727;13946;-;780;-;9270;3895;0;0,00;526;248;3989;-3963;0
2023-12-15;20;24495;31402;20466;-;1469;-;14414;13752;-;662;-;9467;4071;0;0,00;382;240;3711;-3968;0
2023-12-15;21;23813;31391;20490;-;1408;-;13949;13453;-;497;-;9493;4154;0;0,00;-86;483;4028;-3651;0
2023-12-15;22;22437;31652;20541;-;1634;-;13530;13085;-;445;-;9477;4169;0;0,00;-891;238;4286;-3402;0
2023-12-15;23;20839;31695;20613;-;1505;-;12003;11925;-;79;-;9577;4318;0;0,00;-1242;425;5286;-2217;0
2023-12-15;24;19389;30951;20746;-;801;-;10130;10130;-;0;-;9404;4150;0;0,00;-1047;802;5831;-1340;0
2023-12-16;1;18072;28694;19455;-;3;-;8910;8908;-;3;-;9236;4046;0;104,00;-554;553;3849;-1270;0
2023-12-16;2;17400;28505;19307;-;34;-;8917;8883;-;34;-;9164;4006;0;665,00;-645;655;3738;-1254;0
2023-12-16;3;17198;28812;19551;-;58;-;8943;8885;-;58;-;9203;4029;0;747,00;-1050;803;3833;-1418;0
2023-12-16;4;17160;28933;19678;-;67;-;8956;8889;-;67;-;9188;4037;0;746,00;-1068;810;3855;-1396;0
2023-12-16;5;17148;29117;19750;-;22;-;8584;8562;-;22;-;9345;4195;0;679,00;-996;870;4178;-1073;0
2023-12-16;6;17473;29513;19837;-;0;-;8441;8441;-;0;-;9676;4521;0;615,00;-703;703;4367;-884;0
2023-12-16;7;18749;29168;19247;-;39;-;8879;8840;-;39;-;9882;4676;0;101,00;-641;649;4261;-1275;0
2023-12-16;8;19754;29183;19247;-;77;-;9258;9180;-;77;-;9859;4607;0;0,00;142;546;4161;-1473;0
2023-12-16;9;20926;29098;19242;-;116;-;10621;10505;-;116;-;9740;4417;75;0,00;123;427;2766;-2863;0
2023-12-16;10;21872;29835;19065;-;756;-;11486;10963;-;523;-;10014;4435;277;0,00;-29;378;2124;-3472;0
2023-12-16;11;21959;30473;19206;-;467;-;10799;10535;-;264;-;10800;4876;677;0,00;-218;591;2730;-2981;0
2023-12-16;12;22180;30900;19324;-;160;-;9876;9717;-;160;-;11416;5371;895;0,00;350;588;3762;-1947;0
2023-12-16;13;22523;30928;19319;-;157;-;10164;10007;-;157;-;11452;5509;845;0,00;389;589;3522;-2238;0
2023-12-16;14;22192;30609;19317;-;79;-;9990;9911;-;79;-;11213;5406;697;0,00;383;614;3609;-2227;0
2023-12-16;15;21733;30585;19334;-;0;-;9711;9711;-;0;-;11251;5663;396;0,00;232;555;3912;-2002;0
2023-12-16;16;21960;30694;19421;-;188;-;10586;10398;-;188;-;11085;5834;32;0,00;-197;435;3232;-2664;0
2023-12-16;17;22088;31500;19130;-;1075;-;11069;10365;-;704;-;11295;5995;0;0,00;-887;641;2904;-2407;0
2023-12-16;18;21904;31642;18952;-;887;-;10604;9912;-;692;-;11803;6613;0;0,00;-1107;641;3406;-1973;0
2023-12-16;19;21863;32462;18962;-;1309;-;10664;10057;-;607;-;12191;6989;0;0,00;-1534;543;2797;-2633;0
2023-12-16;20;21505;32575;18962;-;1174;-;9963;9709;-;254;-;12439;7262;0;0,00;-1531;545;2729;-2676;0
2023-12-16;21;20886;32331;18962;-;716;-;9013;9013;-;0;-;12653;7525;0;0,00;-1263;546;3371;-1982;0
2023-12-16;22;19744;32492;19008;-;710;-;8253;8253;-;0;-;12774;7742;0;0,00;-1780;451;3374;-1747;0
2023-12-16;23;18506;34808;20749;-;1295;-;7511;7324;-;187;-;12764;7748;0;0,00;-2106;352;3265;-1284;0
2023-12-16;24;17312;34394;20749;-;799;-;6815;6566;-;249;-;12846;7834;0;0,00;-2328;354;4279;-181;0
2023-12-17;1;16366;33154;20227;-;49;-;6592;6543;-;49;-;12878;7958;0;32,00;-3465;356;3762;-728;0
2023-12-17;2;15617;33237;20227;-;7;-;6324;6317;-;7;-;13003;8107;0;242,00;-3538;357;4254;-213;0
2023-12-17;3;15218;33220;20227;-;0;-;6317;6317;-;0;-;12993;8097;0;1122,00;-3214;355;4080;-397;0
2023-12-17;4;15145;33188;20227;-;0;-;6354;6354;-;0;-;12961;8064;0;1199,00;-3264;356;3993;-484;0
2023-12-17;5;15226;33095;20215;-;0;-;6310;6310;-;0;-;12880;7983;0;1197,00;-2958;354;4133;-339;0
2023-12-17;6;15480;33041;20212;-;0;-;6347;6347;-;0;-;12829;7936;0;1111,00;-2575;352;4294;-138;0
2023-12-17;7;16053;30943;18240;-;0;-;6360;6360;-;0;-;12703;7794;0;505,00;-2898;352;3875;-553;0
2023-12-17;8;16783;30761;18292;-;21;-;6734;6713;-;21;-;12448;7556;2;105,00;-2685;349;3617;-853;0
2023-12-17;9;17715;30896;18285;-;26;-;7355;7329;-;26;-;12585;7404;226;0,00;-2515;346;3149;-1352;0
2023-12-17;10;18882;31272;18300;-;35;-;7519;7485;-;35;-;12937;7206;707;0,00;-1738;296;3123;-1438;0
2023-12-17;11;19689;31811;18445;-;182;-;7392;7210;-;182;-;13184;7036;1116;0,00;-1333;295;3157;-1404;0
2023-12-17;12;19988;31978;18895;-;64;-;7175;7112;-;64;-;13019;6947;1051;0,00;-510;267;3573;-1143;0
2023-12-17;13;19521;31618;18890;-;0;-;6843;6843;-;0;-;12728;6736;986;0,00;-129;193;3987;-732;0
2023-12-17;14;19554;31178;18890;-;0;-;7265;7265;-;0;-;12288;6554;733;0,00;-380;222;3401;-1320;0
2023-12-17;15;19552;30756;18890;-;250;-;8619;8369;-;250;-;11616;6271;367;0,00;-974;194;2640;-2271;0
2023-12-17;16;20081;30937;18904;-;570;-;9551;8981;-;570;-;11463;6375;40;0,00;-1007;106;2139;-2754;0
2023-12-17;17;20531;31442;18985;-;1070;-;10470;9540;-;930;-;11387;6255;0;0,00;-1509;115;1463;-3323;0
2023-12-17;18;20505;32094;19190;-;1201;-;10367;9428;-;939;-;11703;6597;0;0,00;-1770;193;1631;-3155;0
2023-12-17;19;20483;32350;19245;-;1177;-;10094;9208;-;886;-;11928;6888;0;0,00;-1793;250;1868;-2928;0
2023-12-17;20;20409;32542;19469;-;749;-;9611;9046;-;565;-;12324;7207;0;0,00;-1854;347;2277;-2813;0
2023-12-17;21;20010;32887;19516;-;931;-;9113;8919;-;194;-;12440;7362;0;0,00;-1892;348;2402;-2705;0
2023-12-17;22;19058;33134;19824;-;685;-;8277;8189;-;88;-;12625;7561;0;0,00;-2140;353;3246;-1879;0
2023-12-17;23;18257;35004;21548;-;715;-;7500;7424;-;76;-;12741;7739;0;0,00;-2370;354;3717;-1368;0
2023-12-17;24;17216;34999;21940;-;448;-;6900;6852;-;48;-;12611;7622;0;0,00;-2721;356;4300;-754;0
2023-12-18;1;15888;34553;22016;-;0;-;6337;6335;-;0;-;12537;7660;0;837,00;-2231;355;4557;-169;0
2023-12-18;2;15415;34662;22129;-;0;-;6293;6293;-;0;-;12533;7631;0;1398,00;-2063;354;4634;-122;0
2023-12-18;3;15334;34640;22179;-;0;-;6293;6293;-;0;-;12461;7547;0;1393,00;-1813;353;4896;0;0
2023-12-18;4;15395;34519;22216;-;0;-;6439;6439;-;0;-;12303;7394;0;1387,00;-1935;354;4602;-104;0
2023-12-18;5;15987;34372;22269;-;0;-;6693;6693;-;0;-;12103;7171;0;1285,00;-1950;354;4073;-632;0
2023-12-18;6;17776;34269;22306;-;3;-;8242;8240;-;3;-;11960;6983;0;1128,00;-1697;349;3201;-1510;0
2023-12-18;7;20946;32516;20584;-;60;-;10021;9961;-;60;-;11872;6716;0;86,00;-1323;443;2733;-2736;0
2023-12-18;8;22853;33619;20628;-;787;-;11985;11375;-;610;-;12204;6921;38;0,00;-1552;347;1986;-3698;0
2023-12-18;9;24179;34767;20700;-;871;-;12181;11493;-;688;-;13196;7023;926;0,00;-1839;639;2339;-3723;0
2023-12-18;10;24621;34789;20644;-;831;-;12642;11996;-;647;-;13314;6799;1258;0,00;-2113;639;1677;-4356;0
2023-12-18;11;24198;34417;20558;-;894;-;12558;12084;-;474;-;12965;6492;1202;0,00;-2012;638;1717;-4234;0
2023-12-18;12;23969;34122;20589;-;183;-;10793;10746;-;48;-;13350;6378;1696;63,00;-772;723;3673;-2056;0
2023-12-18;13;23930;34284;20741;-;0;-;10069;10069;-;0;-;13543;6560;1711;63,00;-269;665;4765;-1190;0
2023-12-18;14;23735;34157;21063;-;281;-;10551;10270;-;281;-;12813;6250;1283;0,00;-351;757;5020;-946;0
2023-12-18;15;23917;32644;20916;-;308;-;12546;12238;-;308;-;11420;5359;744;0,00;-1243;758;3285;-3757;0
2023-12-18;16;24519;31601;20822;-;567;-;14028;13605;-;423;-;10212;4816;93;0,00;-683;937;2235;-4838;0
2023-12-18;17;24995;32168;20846;-;1164;-;14973;14560;-;413;-;10158;4735;0;0,00;-1075;935;1327;-5766;0
2023-12-18;18;24788;32373;20846;-;1249;-;14780;14348;-;431;-;10278;4824;0;0,00;-1220;939;1530;-5573;0
2023-12-18;19;24476;32289;20851;-;1226;-;14079;13609;-;471;-;10212;4827;0;0,00;-736;941;2307;-4798;0
2023-12-18;20;24206;31985;20481;-;1267;-;13503;13007;-;496;-;10237;4920;0;0,00;-499;941;2495;-4480;0
2023-12-18;21;23453;31656;20481;-;1155;-;12777;12267;-;510;-;10020;4788;0;0,00;-332;944;3213;-3762;0
2023-12-18;22;21735;31993;20569;-;1167;-;11238;11105;-;133;-;10257;5038;0;0,00;-736;848;3940;-2945;0
2023-12-18;23;20083;33511;22341;-;926;-;9773;9773;-;0;-;10244;5058;0;0,00;-779;769;4966;-1759;0
2023-12-18;24;19082;33660;22336;-;772;-;8745;8745;-;0;-;10552;5402;0;52,00;-1076;773;4951;-1267;0
2023-12-19;1;17907;33109;22255;-;0;-;7950;7950;-;0;-;10854;5741;0;672,00;-791;559;4929;-836;0
2023-12-19;2;17161;33379;22251;-;0;-;7881;7881;-;0;-;11128;6016;0;1430,00;-860;459;4955;-786;0
2023-12-19;3;16928;33635;22245;-;0;-;7720;7720;-;0;-;11390;6298;0;1490,00;-1068;457;5175;-557;0
2023-12-19;4;16907;33913;22245;-;0;-;7960;7960;-;0;-;11668;6580;0;1434,00;-1771;459;4954;-853;0
2023-12-19;5;17270;34104;22245;-;20;-;8087;8067;-;20;-;11839;6730;0;1250,00;-1835;459;5025;-857;0
2023-12-19;6;18402;34396;22245;-;20;-;8525;8505;-;20;-;12131;6974;0;668,00;-1930;454;4847;-963;0
2023-12-19;7;21509;32379;19987;-;137;-;10440;10304;-;137;-;12255;7052;0;51,00;-1558;448;3147;-2295;0
2023-12-19;8;23362;32978;19991;-;752;-;12135;11384;-;752;-;12235;6994;14;0,00;-1518;547;2543;-3215;0
2023-12-19;9;24232;33796;19622;-;1501;-;13158;11952;-;1206;-;12673;6893;510;0,00;-2316;645;1972;-3714;0
2023-12-19;10;24242;34009;19269;-;1506;-;13228;12151;-;1076;-;13234;6729;1211;0,00;-2936;645;1674;-3747;0
2023-12-19;11;24184;33520;19437;-;1091;-;12871;12634;-;237;-;12992;6125;1585;0,00;-2576;765;1657;-3758;0
2023-12-19;12;24140;32481;19809;-;0;-;11680;11680;-;0;-;12672;5763;1701;209,00;-770;765;3573;-2421;0
2023-12-19;13;24222;31502;19729;-;0;-;12509;12509;-;0;-;11773;5136;1406;209,00;-644;766;3194;-3195;0
2023-12-19;14;24345;30674;19716;-;0;-;13175;13175;-;0;-;10958;4730;998;209,00;-448;765;2437;-3939;0
2023-12-19;15;24484;30304;19713;-;256;-;14133;14133;-;0;-;10335;4541;513;47,00;-715;766;1573;-4803;0
2023-12-19;16;24469;30451;19719;-;771;-;14630;14244;-;386;-;9961;4529;58;0,00;-973;944;1573;-4836;0
2023-12-19;17;24685;31490;19876;-;1500;-;14846;13942;-;904;-;10114;4702;0;0,00;-1242;943;1914;-4554;0
2023-12-19;18;24349;31496;19845;-;1171;-;14043;13434;-;609;-;10480;5014;0;0,00;-1105;946;2430;-3936;0
2023-12-19;19;24364;32012;20535;-;1105;-;14727;14079;-;648;-;10372;4975;0;0,00;-1783;948;2248;-4829;0
2023-12-19;20;24219;32346;20535;-;1343;-;14611;14231;-;380;-;10468;5084;0;0,00;-1854;949;2150;-4975;0
2023-12-19;21;23448;32430;20530;-;1397;-;13560;13275;-;285;-;10503;5198;0;0,00;-1524;951;3189;-4006;0
2023-12-19;22;21673;32674;20530;-;1355;-;11534;11534;-;0;-;10789;5522;0;11,00;-1546;955;4552;-2465;0
2023-12-19;23;20269;34079;22371;-;1242;-;10406;10406;-;0;-;10466;5243;0;11,00;-1692;955;5589;-1529;0
2023-12-19;24;18893;32928;22371;-;599;-;9809;9809;-;0;-;9958;4781;0;245,00;-1562;960;6357;-788;0
2023-12-20;1;17675;32464;22645;-;0;-;9475;9475;-;0;-;9819;4668;0;1434,00;-954;960;6911;-491;0
2023-12-20;2;17146;32043;22675;-;0;-;9358;9358;-;0;-;9368;4220;0;1433,00;-961;959;6976;-493;0
2023-12-20;3;16975;31645;22662;-;0;-;9348;9348;-;0;-;8983;3837;0;1191,00;-958;958;6955;-472;0
2023-12-20;4;17044;31694;22775;-;20;-;9380;9360;-;20;-;8899;3743;0;1161,00;-950;959;6874;-553;0
2023-12-20;5;17709;31735;22775;-;85;-;9554;9469;-;85;-;8875;3718;0;717,00;-979;959;6701;-726;0
2023-12-20;6;18842;31679;22775;-;127;-;10281;10154;-;127;-;8777;3611;0;232,00;-859;882;6099;-1256;0
2023-12-20;7;21675;30576;21697;-;177;-;12887;12710;-;177;-;8702;3494;0;0,00;-832;916;3651;-3794;0
2023-12-20;8;23306;30800;21452;-;350;-;14253;14143;-;110;-;8998;3589;0;0,00;-524;673;2366;-5114;0
2023-12-20;9;24011;31959;21282;-;1272;-;14797;14356;-;441;-;9405;3957;64;0,00;-839;646;1888;-5147;0
2023-12-20;10;24530;32729;21312;-;1262;-;14609;14200;-;409;-;10155;4454;313;0,00;-643;424;2090;-4687;0
2023-12-20;11;24267;33666;21307;-;1257;-;13665;13277;-;388;-;11102;5071;708;0,00;-755;243;2757;-3930;0
2023-12-20;12;24401;33915;21107;-;875;-;12597;12234;-;364;-;11933;5706;948;0,00;-333;196;3804;-2883;0
2023-12-20;13;24619;34391;21257;-;750;-;12586;12222;-;364;-;12384;6220;859;0,00;-431;52;3644;-3043;0
2023-12-20;14;24704;34726;21307;-;824;-;12508;12186;-;322;-;12595;6698;576;0,00;-513;67;3612;-2935;0
2023-12-20;15;24623;34358;21307;-;531;-;12223;11893;-;331;-;12520;6790;399;0,00;-135;2;3940;-2597;0
2023-12-20;16;24682;33607;20686;-;661;-;12876;12605;-;271;-;12260;6876;31;0,00;-251;-206;2785;-3299;0
2023-12-20;17;24413;34498;20686;-;1089;-;12491;12273;-;218;-;12723;7330;0;0,00;-627;-223;3071;-3013;0
2023-12-20;18;24295;34655;20686;-;769;-;11153;10964;-;189;-;13200;7738;0;0,00;48;-115;4419;-1615;0
2023-12-20;19;24038;34534;20691;-;652;-;11169;10976;-;193;-;13191;7828;0;0,00;-80;-240;4424;-1615;0
2023-12-20;20;23812;34534;20626;-;754;-;11206;11002;-;204;-;13154;7846;0;0,00;-421;-139;4319;-2233;0
2023-12-20;21;23221;34120;20626;-;652;-;10968;10783;-;185;-;12842;7549;0;0,00;-815;51;4025;-2457;0
2023-12-20;22;21840;35965;22824;-;602;-;10243;10182;-;61;-;12539;7301;0;0,00;-373;-740;3844;-2573;0
2023-12-20;23;20414;35790;22824;-;610;-;8607;8607;-;0;-;12356;7142;0;0,00;-352;-249;4717;-1376;0
2023-12-20;24;18969;35393;22655;-;778;-;7769;7769;-;0;-;11960;6751;0;397,00;248;-323;5683;-304;0
2023-12-21;1;17497;33917;22472;-;6;-;7622;7616;-;6;-;11439;6371;0;1064,00;42;-166;5762;-203;0
2023-12-21;2;16975;33688;22607;-;13;-;7596;7583;-;13;-;11068;5999;0;1215,00;85;-317;5605;-337;0
2023-12-21;3;16823;33378;22791;-;20;-;7598;7578;-;20;-;10567;5531;0;1215,00;452;-452;5498;-451;0
2023-12-21;4;16861;33203;22827;-;0;-;7608;7608;-;0;-;10376;5355;0;1151,00;358;-328;5375;-588;0
2023-12-21;5;17318;33179;22898;-;0;-;8131;8131;-;0;-;10281;5258;0;1135,00;85;-74;4966;-996;0
2023-12-21;6;18464;33316;23082;-;7;-;8802;8795;-;7;-;10227;5151;0;604,00;-105;111;4721;-1169;0
2023-12-21;7;21400;33410;23245;-;111;-;11389;11278;-;111;-;10054;4830;0;0,00;-691;641;3309;-3221;0
2023-12-21;8;22959;31966;21454;-;300;-;12915;12701;-;215;-;10212;4871;4;0,00;-806;665;2249;-4481;0
2023-12-21;9;23559;33095;21390;-;976;-;12985;12461;-;524;-;10729;5239;139;0,00;-616;563;2498;-4148;0
2023-12-21;10;23669;33729;21147;-;954;-;11980;11472;-;509;-;11628;5817;432;0,00;-372;436;3147;-2993;0
2023-12-21;11;23714;33676;20967;-;272;-;10801;10564;-;238;-;12437;6518;632;0,00;120;427;3943;-1862;0
2023-12-21;12;24189;34819;21368;-;230;-;10502;10272;-;230;-;13221;7204;776;0,00;77;432;4607;-1302;0
2023-12-21;13;24129;35014;21067;-;266;-;10143;9877;-;266;-;13681;7822;627;0,00;22;317;4692;-1615;0
2023-12-21;14;23940;35208;20930;-;417;-;9915;9649;-;266;-;13861;8216;412;0,00;-182;285;3784;-1980;0
2023-12-21;15;23881;35470;21203;-;607;-;10853;10457;-;396;-;13660;8270;153;0,00;-828;120;3233;-2736;0
2023-12-21;16;23960;35441;20999;-;844;-;11006;10464;-;543;-;13598;8367;3;0,00;-669;49;3122;-2710;0
2023-12-21;17;24562;36082;21526;-;929;-;11425;10624;-;801;-;13627;8338;0;0,00;-893;347;3317;-2969;0
2023-12-21;18;24301;36189;21482;-;1005;-;11230;10584;-;646;-;13702;8315;0;0,00;-1007;350;3251;-2660;0
2023-12-21;19;23850;35973;21389;-;744;-;10544;10121;-;423;-;13840;8502;0;0,00;-879;352;3655;-2183;0
2023-12-21;20;23661;36009;21512;-;676;-;10358;10193;-;165;-;13821;8517;0;0,00;-827;197;3586;-2410;0
2023-12-21;21;23095;36377;21640;-;884;-;9920;9894;-;26;-;13853;8565;0;0,00;-869;204;3909;-2208;0
2023-12-21;22;21356;37381;23318;-;384;-;8511;8489;-;22;-;13679;8422;0;0,00;-593;-235;4500;-1145;0
2023-12-21;23;19911;37365;23363;-;471;-;6876;6876;-;0;-;13531;8356;0;0,00;-320;-228;3990;-879;0
2023-12-21;24;18474;36836;23363;-;455;-;5935;5935;-;0;-;13018;8016;0;140,00;-453;161;3628;-547;0
2023-12-22;1;17344;36282;23480;-;0;-;5692;5692;-;0;-;12802;7910;0;390,00;-534;-258;3454;-634;0
2023-12-22;2;16752;36322;23485;-;0;-;5492;5492;-;0;-;12837;7970;0;801,00;20;-665;3761;-294;0
2023-12-22;3;16392;36280;23485;-;0;-;5644;5644;-;0;-;12795;7935;0;1405,00;266;-900;3485;-570;0
2023-12-22;4;16467;36316;23533;-;0;-;5527;5527;-;0;-;12783;7935;0;1516,00;572;-939;3554;-501;0
2023-12-22;5;16834;36177;23588;-;28;-;6391;6391;-;0;-;12561;7710;0;1476,00;-188;-462;2754;-1301;0
2023-12-22;6;17500;36735;23616;-;542;-;7134;7109;-;25;-;12577;7664;0;1256,00;-393;-648;2202;-1931;0
2023-12-22;7;20335;37312;23710;-;898;-;8308;7916;-;393;-;12704;7705;0;186,00;-116;-395;2159;-2219;0
2023-12-22;8;21766;35976;21778;-;1272;-;9130;8331;-;800;-;12926;7763;25;0,00;-112;-92;2330;-2134;0
2023-12-22;9;22471;36730;21778;-;937;-;8848;8358;-;490;-;14015;7819;735;0,00;-66;-321;2806;-1766;0
2023-12-22;10;23288;37157;21681;-;650;-;8675;8476;-;199;-;14826;7803;1523;0,00;-48;-301;2708;-1892;0
2023-12-22;11;23368;36777;21491;-;257;-;8427;8427;-;0;-;15029;7750;1843;3,00;555;-600;2920;-1647;0
2023-12-22;12;23245;37159;21773;-;0;-;7938;7938;-;0;-;15386;7797;2270;11,00;-211;98;3863;-1270;0
2023-12-22;13;23990;36965;21773;-;34;-;8850;8850;-;0;-;15158;7819;1985;11,00;40;-94;3013;-2125;0
2023-12-22;14;23790;36658;21773;-;240;-;9286;9286;-;0;-;14645;7792;1503;11,00;159;-245;2864;-2349;0
2023-12-22;15;23343;36138;21773;-;348;-;9555;9257;-;298;-;14017;7791;802;0,00;-156;-95;3020;-2358;0
2023-12-22;16;23715;36115;21773;-;914;-;10641;9858;-;783;-;13428;7897;73;0,00;-452;100;2444;-2934;0
2023-12-22;17;24210;36418;21975;-;802;-;11026;10298;-;729;-;13641;8030;0;0,00;-629;163;2112;-3384;0
2023-12-22;18;24090;36346;21775;-;875;-;10705;9948;-;757;-;13696;8135;0;0,00;-509;151;2223;-3073;0
2023-12-22;19;23718;36070;21780;-;698;-;9976;9500;-;476;-;13592;8093;0;0,00;-239;303;2637;-2664;0
2023-12-22;20;23445;36104;21830;-;743;-;10061;9787;-;274;-;13531;8069;0;0,00;-505;355;2483;-2868;0
2023-12-22;21;22652;36399;21933;-;921;-;9412;9245;-;166;-;13545;8135;0;0,00;-427;52;2461;-2847;0
2023-12-22;22;20877;38070;23751;-;803;-;8129;8129;-;0;-;13516;8138;0;0,00;-738;-140;3068;-2091;0
2023-12-22;23;19395;37978;23751;-;864;-;6630;6630;-;0;-;13363;8073;0;0,00;-454;-353;2884;-1463;0
2023-12-22;24;17768;37762;23751;-;674;-;5846;5846;-;0;-;13337;8099;0;223,00;-41;-950;3752;-443;0
2023-12-23;1;16806;35672;22461;-;0;-;5692;5692;-;0;-;13211;8091;0;780,00;-240;-1084;3704;-547;0
2023-12-23;2;16248;35651;22461;-;25;-;5709;5684;-;25;-;13165;8021;0;1036,00;-268;-1082;3958;-293;0
2023-12-23;3;15912;35632;22461;-;25;-;5724;5699;-;25;-;13146;8004;0;1323,00;-431;-1084;3823;-413;0
2023-12-23;4;15799;35637;22461;-;25;-;5729;5704;-;25;-;13151;8012;0;1463,00;-438;-1083;3795;-436;0
2023-12-23;5;15923;35644;22461;-;19;-;5764;5745;-;19;-;13164;8023;0;1475,00;-437;-1085;3664;-567;0
2023-12-23;6;16195;35664;22461;-;0;-;5812;5812;-;0;-;13203;8063;0;1040,00;-627;-1087;3655;-576;0
2023-12-23;7;17090;35748;22461;-;0;-;5779;5779;-;0;-;13287;8127;0;433,00;-374;-1087;3715;-516;0
2023-12-23;8;18163;35838;22459;-;0;-;6374;6374;-;0;-;13379;8145;14;16,00;-478;-1090;3102;-1123;0
2023-12-23;9;19207;36561;22459;-;90;-;6810;6721;-;90;-;14012;8095;640;0,00;-532;-1093;3040;-1297;0
2023-12-23;10;20226;37075;22459;-;210;-;7376;7166;-;210;-;14406;7970;1183;0,00;-1364;-283;2796;-1727;0
2023-12-23;11;20924;36950;22459;-;409;-;8419;8187;-;232;-;14082;7829;1021;0,00;-1833;250;1860;-2667;0
2023-12-23;12;21102;37598;22485;-;593;-;8255;7960;-;295;-;14520;7904;1398;0,00;-1822;242;2211;-2337;0
2023-12-23;13;21531;37238;22511;-;423;-;8235;7995;-;240;-;14304;7932;1149;0,00;-1372;242;2001;-2563;0
2023-12-23;14;21745;36520;22506;-;200;-;8402;8225;-;177;-;13814;7647;923;0,00;-575;113;1930;-2624;0
2023-12-23;15;21619;35795;22511;-;318;-;8788;8470;-;318;-;12966;7255;494;0,00;-207;21;1691;-2853;0
2023-12-23;16;22158;35784;22470;-;916;-;9981;9073;-;908;-;12398;7025;36;0,00;-593;346;1221;-3369;0
2023-12-23;17;22397;35807;22101;-;1228;-;10299;9127;-;1172;-;12478;7046;0;0,00;-843;445;903;-3202;0
2023-12-23;18;22156;35719;22094;-;1262;-;10446;9336;-;1112;-;12363;6925;0;0,00;-1297;545;815;-3447;0
2023-12-23;19;21907;35234;21935;-;1161;-;10189;9444;-;746;-;12138;6738;0;0,00;-623;-95;390;-3891;0
2023-12-23;20;21575;34852;21861;-;991;-;9703;9442;-;261;-;12000;6672;0;0,00;-1059;649;334;-3901;0
2023-12-23;21;20857;34980;21916;-;1027;-;9008;8989;-;19;-;12037;6735;0;0,00;-309;109;1111;-3179;0
2023-12-23;22;19447;35167;22041;-;1007;-;7738;7723;-;15;-;12119;6877;0;0,00;702;-1087;2315;-2010;0
2023-12-23;23;18247;34660;22056;-;890;-;7100;7087;-;13;-;11714;6538;0;0,00;375;-1086;2797;-1543;0
2023-12-23;24;16961;33627;22056;-;572;-;6869;6869;-;0;-;10999;5857;0;115,00;82;-1085;2428;-1623;0
2023-12-24;1;15338;32474;22072;-;0;-;6235;6235;-;0;-;10402;5333;0;886,00;655;-1078;3142;-851;0
2023-12-24;2;14486;31994;22072;-;0;-;5991;5991;-;0;-;9922;4856;0;998,00;692;-1076;3442;-551;0
2023-12-24;3;13910;31845;22253;-;0;-;5966;5966;-;0;-;9592;4530;0;993,00;511;-887;3700;-293;0
2023-12-24;4;13692;31609;22451;-;0;-;5991;5991;-;0;-;9158;4102;0;1142,00;919;-1028;3602;-391;0
2023-12-24;5;13772;31968;23208;-;0;-;6242;6242;-;0;-;8760;3705;0;1117,00;988;-1065;3592;-766;0
2023-12-24;6;14155;31544;23208;-;15;-;6996;6981;-;15;-;8321;3270;0;862,00;563;-889;2789;-1569;0
2023-12-24;7;14854;31258;23208;-;25;-;7465;7441;-;25;-;8025;2943;0;453,00;743;-934;2348;-2010;0
2023-12-24;8;15149;31472;23208;-;4;-;6619;6616;-;4;-;8260;3171;10;0,00;325;9;3246;-1132;0
2023-12-24;9;16295;31740;23208;-;20;-;6877;6857;-;20;-;8512;3020;378;0,00;123;724;2881;-1406;0
2023-12-24;10;17487;32025;23208;-;367;-;7849;7482;-;367;-;8450;2928;409;0,00;812;356;2293;-1929;0
2023-12-24;11;18319;32693;23203;-;801;-;8533;7731;-;801;-;8689;3145;435;0,00;853;299;2116;-2101;0
2023-12-24;12;18399;33542;23203;-;1098;-;8632;7625;-;1007;-;9241;3455;728;0,00;486;67;2256;-1861;0
2023-12-24;13;18482;33558;23203;-;917;-;8292;7410;-;882;-;9438;3688;726;0,00;527;292;2579;-1603;0
2023-12-24;14;18553;33470;23203;-;754;-;8129;7466;-;663;-;9513;4032;431;0,00;441;487;2586;-1688;0
2023-12-24;15;18307;33638;23203;-;780;-;7772;7191;-;582;-;9655;4429;145;0,00;341;562;2625;-1647;0
2023-12-24;16;18806;33888;23188;-;801;-;8352;7819;-;533;-;9899;4749;2;0,00;-24;509;1889;-2368;0
2023-12-24;17;18842;35030;23173;-;1073;-;8222;8057;-;164;-;10784;5604;0;0,00;-413;316;1771;-2471;0
2023-12-24;18;17440;35829;23225;-;1057;-;6437;6389;-;48;-;11547;6472;0;0,00;-98;-545;2946;-1259;0
2023-12-24;19;16528;35942;23225;-;840;-;5978;5966;-;13;-;11877;6794;0;24,00;-317;-1076;3379;-824;0
2023-12-24;20;16035;36378;23199;-;753;-;5773;5758;-;15;-;12426;7374;0;64,00;-953;-1073;3725;-499;0
2023-12-24;21;15798;36812;23173;-;751;-;5731;5731;-;0;-;12888;7861;0;182,00;-1278;-1072;3941;-262;0
2023-12-24;22;15660;37258;23198;-;905;-;5598;5598;-;0;-;13155;8196;0;510,00;-1287;-1077;4027;-300;0
2023-12-24;23;15353;37709;23188;-;1281;-;5598;5598;-;0;-;13240;8297;0;367,00;-1794;-1081;4043;-274;0
2023-12-24;24;14594;37686;23183;-;1386;-;5647;5598;-;49;-;13117;8166;0;367,00;-2582;-1079;3935;-377;0
2023-12-25;1;13422;36435;23178;-;765;-;5883;5845;-;37;-;12492;7710;0;24,00;-3971;-1077;3261;-950;0
2023-12-25;2;13272;35531;23174;-;564;-;6288;6288;-;0;-;11793;7044;0;0,00;-3828;-1075;2784;-1401;0
2023-12-25;3;12839;34797;23163;-;773;-;6521;6521;-;0;-;10861;6142;0;0,00;-3541;-1077;2558;-1601;0
2023-12-25;4;12653;34643;23163;-;807;-;6433;6433;-;0;-;10673;5961;0;0,00;-3539;-1077;2560;-1599;0
2023-12-25;5;12701;34422;23158;-;734;-;6641;6627;-;14;-;10530;5819;0;0,00;-3401;-1078;2513;-1641;0
2023-12-25;6;12637;34917;23158;-;538;-;6150;6112;-;38;-;11221;6513;0;0,00;-3735;-1080;2958;-1196;0
2023-12-25;7;13264;35117;23158;-;563;-;6564;6535;-;29;-;11396;6652;0;0,00;-3643;-1078;2589;-1573;0
2023-12-25;8;13447;36074;23158;-;1448;-;6769;6690;-;80;-;11468;6708;2;0,00;-3923;-1081;2247;-1915;0
2023-12-25;9;13733;36503;23158;-;694;-;5449;5432;-;17;-;12651;7653;236;0,00;-3104;-1084;3897;-265;0
2023-12-25;10;15184;36990;23158;-;368;-;5423;5423;-;0;-;13464;7933;779;6,00;-2126;-1085;4214;0;0
2023-12-25;11;15550;37691;23153;-;224;-;5423;5423;-;0;-;14314;8062;1444;11,00;-2449;-1085;4365;0;0
2023-12-25;12;15712;38326;23153;-;541;-;5423;5423;-;0;-;14632;8197;1638;11,00;-2867;-1085;4102;-55;0
2023-12-25;13;15502;37946;23153;-;63;-;5412;5412;-;0;-;14730;8348;1623;6,00;-2793;-1088;4487;0;0
2023-12-25;14;15468;38027;23153;-;371;-;5512;5485;-;28;-;14503;8247;1519;435,00;-2727;-1087;3959;-209;0
2023-12-25;15;15432;37603;23153;-;640;-;5906;5887;-;19;-;13810;8221;859;733,00;-2552;-1088;3170;-974;0
2023-12-25;16;15668;36395;23153;-;291;-;5777;5767;-;10;-;12951;8050;38;265,00;-1698;-1089;3386;-687;0
2023-12-25;17;16403;36892;23153;-;891;-;6482;6278;-;205;-;12848;7959;0;0,00;-1853;-1089;2853;-1141;0
2023-12-25;18;16234;36907;23153;-;960;-;6506;5911;-;595;-;12794;7885;0;0,00;-1992;-1088;3220;-774;0
2023-12-25;19;16318;37164;23158;-;1249;-;6466;6058;-;409;-;12757;7763;0;0,00;-1918;-1087;2992;-1007;0
2023-12-25;20;16332;36463;23163;-;739;-;5809;5749;-;60;-;12561;7570;0;0,00;-942;-1087;3415;-694;0
2023-12-25;21;16126;36487;23163;-;863;-;5580;5580;-;0;-;12461;7488;0;0,00;-827;-1086;3578;-531;0
2023-12-25;22;15558;35843;23163;-;578;-;5567;5567;-;0;-;12102;7224;0;0,00;-469;-1081;4150;0;0
2023-12-25;23;15079;35248;23163;-;509;-;5442;5442;-;0;-;11576;6783;0;0,00;-322;-1081;4268;0;0
2023-12-25;24;14183;35153;23163;-;971;-;5442;5442;-;0;-;11019;6231;0;0,00;-1132;-1078;3811;-397;0
2023-12-26;1;13565;33653;23158;-;10;-;5574;5564;-;10;-;10485;5640;0;0,00;-1200;-1076;3804;-277;0
2023-12-26;2;13213;32968;23158;-;28;-;5885;5857;-;28;-;9782;4988;0;0,00;-1393;-1075;3278;-803;0
2023-12-26;3;12532;32515;23158;-;24;-;5646;5622;-;24;-;9333;4579;0;0,00;-1291;-1077;3607;-474;0
2023-12-26;4;12311;32480;23158;-;54;-;5921;5868;-;54;-;9268;4518;0;0,00;-1858;-1076;3227;-854;0
2023-12-26;5;12346;32503;23153;-;48;-;6120;6072;-;48;-;9302;4551;0;0,00;-2006;-1077;3066;-1010;0
2023-12-26;6;12606;32705;23153;-;10;-;5856;5846;-;10;-;9542;4751;0;0,00;-1695;-1079;3317;-759;0
2023-12-26;7;13177;33280;23153;-;10;-;6051;6041;-;10;-;10117;5302;0;0,00;-1918;-1077;3100;-976;0
2023-12-26;8;13281;33931;23158;-;20;-;5766;5747;-;20;-;10753;5913;1;16,00;-2159;-1080;3387;-694;0
2023-12-26;9;13720;34608;23158;-;64;-;5779;5715;-;64;-;11386;6424;138;131,00;-2199;-1083;3467;-614;0
2023-12-26;10;14673;35412;23158;-;86;-;5988;5903;-;86;-;12168;6924;441;734,00;-1794;-1086;3117;-964;0
2023-12-26;11;15439;36231;23026;-;86;-;6013;5928;-;86;-;13119;7600;714;981,00;-1553;-1087;3161;-787;0
2023-12-26;12;15762;37359;22983;-;81;-;5663;5583;-;81;-;14295;8298;1206;1060,00;-1883;-1086;3560;-347;0
2023-12-26;13;16101;37596;22983;-;0;-;5544;5544;-;0;-;14613;8415;1408;1153,00;-1694;-1089;3551;-355;0
2023-12-26;14;16217;37414;22983;-;0;-;5544;5544;-;0;-;14431;8223;1380;1191,00;-1072;-1089;3837;-70;0
2023-12-26;15;16010;37014;22983;-;0;-;6052;6052;-;0;-;14031;8143;1059;1037,00;-1958;-1090;2912;-994;0
2023-12-26;16;16307;35909;22983;-;151;-;6871;6793;-;78;-;12775;7813;92;153,00;-2178;-1091;2099;-1708;0
2023-12-26;17;17002;36107;22988;-;596;-;7590;7354;-;236;-;12523;7643;0;0,00;-2137;-1004;1596;-2188;0
2023-12-26;18;16972;36081;23158;-;982;-;8342;7622;-;719;-;11941;7038;0;0,00;-2386;-1014;1438;-2389;0
2023-12-26;19;16782;36191;23163;-;961;-;8202;7593;-;609;-;12067;7079;0;0,00;-2439;-1043;1567;-2265;0
2023-12-26;20;16880;36292;23168;-;708;-;7793;7395;-;398;-;12416;7431;0;0,00;-2210;-994;1921;-1916;0
2023-12-26;21;16656;36477;23168;-;827;-;7816;7223;-;594;-;12482;7589;0;0,00;-2663;-993;1997;-1940;0
2023-12-26;22;16070;37049;23168;-;1281;-;8158;7433;-;725;-;12600;7734;0;0,00;-3914;-874;1769;-2190;0
2023-12-26;23;15376;36662;23168;-;982;-;7716;7482;-;234;-;12512;7648;0;0,00;-4006;-897;1849;-2233;0
2023-12-26;24;14366;36432;23168;-;600;-;7011;6998;-;13;-;12664;7787;0;60,00;-4323;-1077;2233;-1849;0
2023-12-27;1;13516;34963;22010;-;0;-;6040;6040;-;0;-;12953;8118;0;865,00;-4000;-801;3116;-1003;0
2023-12-27;2;13279;34779;21841;-;0;-;5653;5653;-;0;-;12938;8111;0;999,00;-3446;-878;3514;-641;0
2023-12-27;3;12994;34821;21922;-;0;-;5779;5779;-;0;-;12899;8075;0;1081,00;-4200;-567;3315;-844;0
2023-12-27;4;13120;34754;22025;-;0;-;5788;5788;-;0;-;12729;7904;0;1079,00;-4212;-147;3532;-669;0
2023-12-27;5;13564;34557;22076;-;0;-;6232;6232;-;0;-;12481;7647;0;1054,00;-4201;-75;2999;-1250;0
2023-12-27;6;14482;34581;22076;-;55;-;7183;7183;-;0;-;12450;7571;0;1093,00;-4000;-127;2193;-1957;0
2023-12-27;7;16649;34809;22076;-;436;-;8537;8519;-;18;-;12297;7352;0;742,00;-3605;144;1239;-2911;0
2023-12-27;8;18260;34611;22046;-;543;-;9323;9308;-;14;-;12022;7028;6;65,00;-3211;155;1350;-3170;0
2023-12-27;9;19178;34341;21889;-;0;-;9129;9129;-;0;-;12452;6710;587;0,00;-2298;-128;2382;-2823;0
2023-12-27;10;19935;34840;21766;-;18;-;9020;9002;-;18;-;13056;6283;1580;0,00;-2196;93;3195;-2205;0
2023-12-27;11;20334;34793;21597;-;33;-;8887;8854;-;33;-;13163;5824;2228;0,00;-2100;343;3309;-2200;0
2023-12-27;12;20051;35489;21541;-;41;-;8334;8293;-;41;-;13907;5503;3319;0,00;-2268;123;3988;-1500;0
2023-12-27;13;20007;35435;21614;-;0;-;7722;7722;-;0;-;13821;5197;3539;119,00;-1511;266;5002;-481;0
2023-12-27;14;20134;34217;21574;-;0;-;7954;7954;-;0;-;12643;4355;3186;127,00;-171;261;5427;-231;0
2023-12-27;15;20155;32364;21511;-;144;-;9467;9323;-;144;-;10709;3750;1848;96,00;-699;799;4092;-1934;0
2023-12-27;16;21063;30987;21535;-;823;-;12037;11474;-;564;-;8629;3316;178;8,00;-525;795;1805;-4206;0
2023-12-27;17;21916;31015;21519;-;1470;-;12480;11471;-;1009;-;8026;2786;0;0,00;515;945;1975;-4013;0
2023-12-27;18;21325;30584;21519;-;1280;-;11659;10633;-;1026;-;7785;2507;0;0,00;1070;949;2902;-3080;0
2023-12-27;19;20968;30215;21541;-;932;-;10889;9957;-;932;-;7742;2424;0;0,00;1503;897;3525;-2453;0
2023-12-27;20;20974;30432;21546;-;1117;-;10961;9968;-;993;-;7769;2516;0;0,00;1592;671;3475;-2571;0
2023-12-27;21;20260;30642;21546;-;1170;-;10583;9793;-;790;-;7926;2695;0;0,00;1307;453;3415;-2551;0
2023-12-27;22;19086;30584;21546;-;953;-;9772;9657;-;114;-;8085;2858;0;0,00;729;355;3155;-2709;0
2023-12-27;23;18159;30126;21531;-;724;-;9464;9396;-;68;-;7871;2716;0;0,00;921;-377;2728;-2882;0
2023-12-27;24;16918;30496;21531;-;759;-;8464;8447;-;17;-;8206;3096;0;0,00;1032;-1021;2390;-2683;0
2023-12-28;1;15477;30455;21659;-;0;-;6807;6807;-;0;-;8796;3638;0;71,00;483;-469;3917;-973;0
2023-12-28;2;14806;31060;21694;-;0;-;6375;6375;-;0;-;9366;4255;0;270,00;582;-815;4763;-134;0
2023-12-28;3;14635;31865;21728;-;0;-;6311;6311;-;0;-;10137;5032;0;1107,00;672;-974;4845;-102;0
2023-12-28;4;14612;32615;21841;-;0;-;6212;6212;-;0;-;10774;5670;0;1187,00;463;-978;5210;0;0
2023-12-28;5;14944;32846;21855;-;0;-;6236;6236;-;0;-;10991;5909;0;1183,00;554;-976;5193;0;0
2023-12-28;6;15759;33209;21913;-;0;-;6246;6246;-;0;-;11296;6212;0;841,00;-271;-538;4638;-358;0
2023-12-28;7;17838;33775;22054;-;97;-;6965;6868;-;97;-;11624;6490;0;63,00;-227;-478;3866;-1031;0
2023-12-28;8;19042;33765;21593;-;281;-;7648;7389;-;260;-;11891;6577;27;0,00;-200;-251;3409;-1444;0
2023-12-28;9;19772;34591;21586;-;48;-;6786;6738;-;48;-;12957;6731;975;0,00;161;-123;4016;-837;0
2023-12-28;10;20388;35180;21573;-;6;-;6730;6724;-;6;-;13601;6431;2068;24,00;347;-346;3928;-915;0
2023-12-28;11;20517;35397;21573;-;0;-;6764;6764;-;0;-;13824;6267;2499;40,00;425;-725;3697;-1146;0
2023-12-28;12;20641;35490;21573;-;0;-;7185;7185;-;0;-;13917;6241;2713;43,00;374;-875;3463;-1380;0
2023-12-28;13;20668;35260;21565;-;0;-;7200;7200;-;0;-;13695;6255;2510;35,00;336;-636;3418;-1420;0
2023-12-28;14;20716;34923;21560;-;123;-;7672;7548;-;123;-;13240;6210;2076;3,00;-167;-136;3086;-1747;0
2023-12-28;15;20762;34500;21560;-;438;-;8522;8137;-;385;-;12502;6256;1252;0,00;-278;-22;2652;-2196;0
2023-12-28;16;21115;34091;21780;-;839;-;9432;8700;-;732;-;11472;6311;150;0,00;156;88;2250;-2644;0
2023-12-28;17;21441;34662;21787;-;1149;-;9492;8631;-;861;-;11726;6624;0;0,00;77;132;2324;-2616;0
2023-12-28;18;21048;34893;21799;-;965;-;8683;7992;-;691;-;12129;7025;0;0,00;-14;233;2958;-1982;0
2023-12-28;19;20787;34921;21834;-;760;-;8135;7519;-;616;-;12327;7171;0;0,00;-229;578;3473;-1467;0
2023-12-28;20;20479;35610;22168;-;1043;-;7977;7591;-;386;-;12399;7282;0;0,00;-529;652;3154;-1714;0
2023-12-28;21;20045;36132;22284;-;1387;-;7846;7615;-;231;-;12461;7401;0;0,00;-585;305;3090;-1775;0
2023-12-28;22;18875;35810;22295;-;1131;-;6962;6875;-;87;-;12384;7338;0;0,00;-344;-116;3870;-1006;0
2023-12-28;23;17744;35405;22205;-;1134;-;6171;6148;-;23;-;12066;7075;0;0,00;178;-455;4074;-347;0
2023-12-28;24;16377;35138;22205;-;966;-;5914;5888;-;26;-;11967;6978;0;609,00;-470;85;4416;0;0
2023-12-29;1;15198;33747;21968;-;0;-;5888;5888;-;0;-;11779;6863;0;901,00;-782;-880;3817;-588;0
2023-12-29;2;14692;34014;21968;-;0;-;5886;5886;-;0;-;12046;7103;0;1108,00;-757;-1077;4212;-193;0
2023-12-29;3;14493;34166;21968;-;0;-;5886;5886;-;0;-;12198;7262;0;1197,00;-934;-1077;4298;-107;0
2023-12-29;4;14414;34041;21968;-;0;-;5886;5886;-;0;-;12073;7144;0;1194,00;-916;-1076;4273;-132;0
2023-12-29;5;14757;34132;21968;-;0;-;5899;5899;-;0;-;12164;7244;0;1172,00;-974;-1074;3991;-406;0
2023-12-29;6;15713;34353;21878;-;50;-;6197;6147;-;50;-;12425;7496;0;662,00;-1227;-1078;3610;-689;0
2023-12-29;7;17661;34527;21698;-;220;-;6483;6263;-;220;-;12609;7680;0;53,00;-124;-1078;3683;-623;0
2023-12-29;8;18571;34910;21812;-;207;-;7079;6873;-;207;-;12891;7878;13;0,00;-344;-1080;2988;-1253;0
2023-12-29;9;19286;35620;21795;-;116;-;6782;6666;-;116;-;13709;7914;767;0,00;-133;-1085;3189;-1007;0
2023-12-29;10;20147;36212;21743;-;82;-;7097;7015;-;82;-;14387;7756;1613;0,00;-272;-1086;2779;-1472;0
2023-12-29;11;20123;36290;21648;-;249;-;6733;6484;-;249;-;14393;7783;1749;0,00;98;-1087;3251;-955;0
2023-12-29;12;20024;36522;21648;-;33;-;6162;6129;-;33;-;14841;7849;2098;0,00;99;-1087;3583;-623;0
2023-12-29;13;19813;36518;21724;-;0;-;6288;6288;-;0;-;14794;7735;2119;0,00;-165;-1084;3534;-652;0
2023-12-29;14;19938;36041;21719;-;34;-;6683;6649;-;34;-;14288;7697;1633;0,00;-22;-1087;3116;-1065;0
2023-12-29;15;20238;35629;21719;-;472;-;7837;7382;-;455;-;13438;7535;961;0,00;-52;-1088;2428;-1853;0
2023-12-29;16;20638;34653;21732;-;783;-;9024;8395;-;629;-;12138;7047;116;0,00;314;-892;1642;-2721;0
2023-12-29;17;21336;34140;21420;-;975;-;9654;8933;-;721;-;11745;6690;0;0,00;416;-551;872;-3240;0
2023-12-29;18;20915;34588;21424;-;1235;-;9451;8810;-;640;-;11929;6802;0;0,00;-470;99;1165;-2921;0
2023-12-29;19;20457;34894;21463;-;814;-;7910;7492;-;418;-;12617;7573;0;0,00;148;-166;2476;-1615;0
2023-12-29;20;20400;35139;21468;-;1132;-;8161;7667;-;494;-;12539;7505;0;0,00;-261;-137;2168;-1928;0
2023-12-29;21;20199;34926;21853;-;1131;-;8882;8581;-;301;-;11942;7013;0;0,00;114;-781;1730;-2731;0
2023-12-29;22;18729;34680;21833;-;1099;-;8152;8142;-;10;-;11748;6778;0;0,00;-108;-1081;2114;-2347;0
2023-12-29;23;17132;34796;21917;-;1106;-;6521;6516;-;5;-;11773;6903;0;0,00;152;-1081;3727;-649;0
2023-12-29;24;15798;34198;21978;-;843;-;5999;5999;-;0;-;11377;6522;0;410,00;162;-1076;4003;-279;0
2023-12-30;1;14843;33089;21647;-;0;-;5674;5674;-;0;-;11442;6590;0;559,00;-379;-1074;3861;-237;0
2023-12-30;2;14521;33066;21635;-;0;-;5779;5779;-;0;-;11431;6559;0;662,00;-925;-1073;3516;-575;0
2023-12-30;3;14383;32601;21635;-;0;-;6209;6209;-;0;-;10966;6059;0;1012,00;-793;-1074;3040;-1051;0
2023-12-30;4;14310;32579;21635;-;0;-;5836;5836;-;0;-;10944;6038;0;1402,00;109;-1074;3706;-403;0
2023-12-30;5;14442;32747;21739;-;0;-;5846;5846;-;0;-;11008;6105;0;1402,00;232;-1075;3826;-339;0
2023-12-30;6;14404;33221;21841;-;0;-;5803;5803;-;0;-;11380;6452;0;1181,00;-379;-1079;3844;-326;0
2023-12-30;7;15357;33470;21906;-;20;-;5767;5747;-;20;-;11544;6575;0;695,00;-68;-1054;3895;-325;0
2023-12-30;8;15999;33446;21945;-;20;-;5854;5834;-;20;-;11481;6504;14;270,00;-32;-1032;3668;-547;0
2023-12-30;9;16909;34499;22120;-;20;-;6144;6124;-;20;-;12359;6716;666;24,00;-553;-1085;3309;-836;0
2023-12-30;10;17964;36015;22535;-;20;-;5999;5979;-;20;-;13460;7170;1310;0,00;-341;-1085;3589;-556;0
2023-12-30;11;18677;36036;22261;-;0;-;6406;6406;-;0;-;13775;7424;1382;63,00;-325;-1087;3119;-1021;0
2023-12-30;12;18891;36591;22635;-;24;-;6871;6848;-;24;-;13932;7255;1692;63,00;-877;-1087;2533;-1607;0
2023-12-30;13;18901;36773;22785;-;10;-;6745;6735;-;10;-;13978;7326;1658;32,00;-754;-1088;2728;-1394;0
2023-12-30;14;19137;36135;22723;-;17;-;7047;7030;-;17;-;13395;6919;1425;0,00;-426;-1089;2345;-1770;0
2023-12-30;15;19223;34640;22344;-;17;-;7825;7820;-;5;-;12279;6372;818;0,00;-250;-700;1886;-2249;0
2023-12-30;16;19824;33782;22324;-;488;-;9125;8740;-;385;-;10970;5765;82;0,00;-20;-349;1286;-2924;0
2023-12-30;17;20395;33487;22294;-;754;-;9728;8974;-;754;-;10439;5236;0;0,00;-521;850;1873;-2672;0
2023-12-30;18;19825;33593;22367;-;1039;-;9958;9198;-;760;-;10187;4837;0;0,00;-1242;951;1808;-2932;0
2023-12-30;19;19675;34134;22532;-;1651;-;10259;9319;-;940;-;9951;4672;0;0,00;-1378;953;1773;-2972;0
2023-12-30;20;19418;33927;22647;-;1442;-;9615;8704;-;911;-;9838;4592;0;0,00;-880;956;2389;-2356;0
2023-12-30;21;19033;33633;22772;-;1307;-;9255;8610;-;645;-;9554;4396;0;0,00;-686;957;2419;-2326;0
2023-12-30;22;18013;33459;22817;-;1527;-;8746;8508;-;238;-;9115;3995;0;0,00;-415;449;2176;-2524;0
2023-12-30;23;17011;32848;22830;-;1258;-;7860;7837;-;23;-;8760;3690;0;0,00;-295;792;3083;-1630;0
2023-12-30;24;15743;32619;22842;-;1436;-;7640;7615;-;25;-;8341;3259;0;240,00;-46;-19;3146;-1579;0
2023-12-31;1;14954;30653;22852;-;20;-;7293;7273;-;20;-;7781;2775;0;343,00;1240;-925;3490;-1179;0
2023-12-31;2;14201;30153;22857;-;0;-;7155;7155;-;0;-;7296;2321;0;343,00;1093;-1045;3420;-1231;0
2023-12-31;3;13804;29801;22857;-;0;-;7152;7152;-;0;-;6944;1943;0;345,00;1092;-1045;3462;-1189;0
2023-12-31;4;13447;29578;22857;-;0;-;7046;7046;-;0;-;6721;1710;0;344,00;1079;-1031;3599;-1052;0
2023-12-31;5;13433;29420;22857;-;0;-;7014;7014;-;0;-;6563;1557;0;359,00;1182;-997;3576;-1076;0
2023-12-31;6;13624;29377;22857;-;0;-;6814;6814;-;0;-;6520;1513;0;469,00;1561;-841;3767;-884;0
2023-12-31;7;14222;29449;22857;-;0;-;6914;6914;-;0;-;6592;1543;0;470,00;1933;-775;3679;-972;0
2023-12-31;8;14712;29676;22857;-;42;-;7199;7157;-;42;-;6777;1656;17;178,00;1742;-783;3508;-1143;0
2023-12-31;9;15172;30525;22857;-;28;-;7003;6976;-;28;-;7640;1775;764;0,00;1350;-802;3664;-987;0
2023-12-31;10;16183;31623;22857;-;82;-;7429;7347;-;82;-;8684;1788;1772;0,00;862;-867;3198;-1453;0
2023-12-31;11;16869;32180;22852;-;183;-;7668;7485;-;183;-;9145;1870;2216;0,00;1092;-1047;3119;-1527;0
2023-12-31;12;16970;32960;22852;-;141;-;7024;6884;-;141;-;9967;1940;2960;0,00;925;-880;3797;-749;0
2023-12-31;13;17175;32472;22847;-;229;-;7909;7681;-;229;-;9396;1565;2774;0,00;792;-1047;2805;-1649;0
2023-12-31;14;17578;32429;22847;-;473;-;8691;8254;-;437;-;9109;1587;2375;0,00;538;-793;2323;-2131;0
2023-12-31;15;17653;32387;23043;-;1034;-;9486;8554;-;933;-;8310;1982;1147;0,00;812;-1007;2200;-2550;0
2023-12-31;16;18170;31901;23018;-;1116;-;10029;9437;-;592;-;7767;2431;133;0,00;1025;-709;1285;-3412;0
2023-12-31;17;19149;32646;22869;-;1535;-;9989;9594;-;396;-;8242;3016;0;0,00;1039;-118;1042;-3479;0
2023-12-31;18;18629;32945;23023;-;1047;-;8204;8060;-;144;-;8875;3609;0;0,00;1243;317;2735;-1940;0
2023-12-31;19;18313;32923;23023;-;887;-;7648;7381;-;267;-;9013;3824;0;0,00;1375;298;3425;-1250;0
2023-12-31;20;17444;32699;23023;-;672;-;7222;7156;-;66;-;9004;3915;0;0,00;1367;-154;3624;-1138;0
2023-12-31;21;16304;32652;23043;-;590;-;6885;6885;-;0;-;9019;3948;0;0,00;1138;-763;3896;-941;0
2023-12-31;22;15899;32305;23043;-;518;-;7051;7051;-;0;-;8744;3677;0;0,00;1012;-1046;3617;-1220;0
2023-12-31;23;15629;31914;23043;-;552;-;7236;7236;-;0;-;8319;3282;0;0,00;1092;-1042;3351;-1391;0
2023-12-31;24;14936;32222;23043;-;994;-;6752;6752;-;0;-;8185;3189;0;0,00;1021;-971;3321;-1132;0